geoid,total_votes,votes_gop,votes_dem
2901.0,7360,3511,3477
2910.0,11256,8081,2727
2911.0,10686,7096,3130
2912.0,11280,7893,2957
2913.0,7765,4652,2666
2914.0,11534,6714,4261
2915.0,5593,2671,2622
2916.0,8170,3516,4274
2917.0,7271,2810,4136
2918.0,7759,2760,4681
2919.0,5338,1975,3118
2902.0,6161,3674,2104
2920.0,7544,2383,4881
2921.0,9482,3690,5414
2922.0,9597,4684,4553
2923.0,7796,3655,3810
2924.0,10484,5378,4736
2925.0,9369,4407,4600
2926.0,10181,5243,4558
2927.0,9531,4324,4844
2928.0,12831,6162,6264
2929.0,10784,7464,2985
2903.0,8421,6076,1903
2930.0,10226,7180,2638
2931.0,12481,6971,5037
2932.0,8361,4440,3506
2933.0,11016,3059,7535
2934.0,10794,4543,5763
2935.0,10149,4769,5011
2936.0,9331,5114,3796
2937.0,5168,2358,2560
2938.0,5336,1737,3202
2939.0,5930,1939,3580
2904.0,10587,4690,5345
2940.0,4628,1994,2318
2905.0,8706,4077,4204
2906.0,9518,5770,3272
2907.0,9664,7027,2215
2908.0,9957,7618,1953
2909.0,11047,7787,2769
1001.0,27770,19838,7503
1003.0,109679,83544,24578
1005.0,10518,5622,4816
1007.0,9595,7525,1986
1009.0,27588,24711,2640
1011.0,4613,1146,3446
1013.0,9488,5458,3965
1015.0,50983,35101,15216
1017.0,15284,8753,6365
1019.0,12301,10583,1624
1021.0,19310,16085,3073
1023.0,7464,4296,3127
1025.0,13135,7324,5755
1027.0,6930,5601,1267
1029.0,7227,6484,675
1031.0,22275,16899,5076
1033.0,27886,19203,8343
1035.0,6441,3442,2966
1037.0,5479,3631,1796
1039.0,17430,14586,2721
1041.0,6617,4864,1700
1043.0,41851,36880,4478
1045.0,19738,14303,5170
1047.0,17864,5524,12230
1049.0,29356,24767,4281
1051.0,41030,30164,10367
1053.0,15910,10869,4918
1055.0,47728,35528,11567
1057.0,8766,7300,1395
1059.0,12578,10376,2086
1061.0,12545,10848,1595
1063.0,4775,875,3884
1065.0,7900,3192,4663
1067.0,9298,6607,2606
1069.0,46173,32618,12917
1071.0,23636,19670,3717
1073.0,325848,138843,181688
1075.0,7193,6174,978
1077.0,44339,31721,11915
1079.0,16031,12322,3562
1081.0,71449,42221,27860
1083.0,49235,34640,13672
1085.0,6835,1836,4972
1087.0,8723,1541,7108
1089.0,194767,102780,87286
1091.0,10900,5343,5488
1093.0,13807,12205,1463
1095.0,39655,33191,5943
1097.0,183164,101243,79474
1099.0,10668,6147,4455
1101.0,99139,33311,64529
1103.0,53722,39664,13234
1105.0,5230,1339,3860
1107.0,9668,5594,4022
1109.0,13841,8042,5636
1111.0,10837,8559,2203
1113.0,21329,9864,11228
1117.0,114950,79700,33268
1115.0,44441,36166,7744
1119.0,6291,1598,4648
1121.0,35663,22235,13138
1123.0,20991,14963,5859
1125.0,90172,51117,37765
1127.0,31170,26002,4834
1129.0,8876,6564,2258
1131.0,5903,1833,4048
1133.0,11284,10195,974
5001.0,6292,4304,1818
5003.0,7926,5548,2125
5005.0,21007,15836,4635
5007.0,119912,73965,42249
5009.0,17114,13652,3064
5011.0,3654,2335,1214
5013.0,2182,1636,479
5015.0,11797,7424,4023
5017.0,4103,1752,2260
5019.0,8395,4616,3438
5021.0,5183,4086,962
5023.0,12680,10328,1988
5025.0,3600,2867,651
5027.0,8616,5500,2814
5029.0,8685,5694,2615
5031.0,38511,25558,11921
5033.0,24091,18607,4959
5035.0,16367,7333,8514
5037.0,6942,4946,1772
5039.0,2649,1573,963
5041.0,4164,1921,2016
5043.0,6908,4349,2426
5045.0,54428,34421,18347
5047.0,7129,5677,1300
5049.0,5119,3961,1035
5051.0,44199,29069,14045
5053.0,8200,6794,1268
5055.0,16100,12670,3058
5057.0,6848,4470,2138
5059.0,12557,9202,3082
5061.0,4834,3367,1340
5063.0,14512,11250,2806
5065.0,5810,4631,1021
5067.0,5091,3593,1365
5069.0,25158,9521,14981
5071.0,9498,6938,2283
5073.0,2679,1757,839
5075.0,5857,4569,1080
5077.0,2848,1286,1423
5079.0,3875,2729,1032
5081.0,5177,3715,1226
5083.0,8225,6441,1544
5085.0,30662,22884,6686
5087.0,7351,5658,1563
5089.0,7503,5783,1531
5091.0,16529,11920,4245
5093.0,12342,7296,4558
5095.0,2816,1545,1147
5097.0,3873,3046,731
5099.0,3358,2133,1076
5101.0,3998,3192,709
5103.0,9629,5294,3995
5105.0,4627,3479,1012
5107.0,6242,2417,3623
5109.0,4246,3519,644
5111.0,7521,5918,1424
5113.0,8490,7035,1246
5115.0,24432,18081,5772
5117.0,3495,2786,654
5119.0,169956,63687,101947
5121.0,6812,5355,1215
5123.0,7108,3242,3604
5125.0,56959,39556,16060
5127.0,3551,2962,483
5129.0,4019,3365,588
5131.0,47140,31198,14487
5133.0,5202,3884,1116
5135.0,7566,5938,1398
5137.0,5938,4616,1180
5139.0,16607,10478,5584
5141.0,7807,6034,1593
5143.0,94266,47504,43824
5145.0,30885,24182,5978
5147.0,2476,1543,856
5149.0,6741,5226,1284
4001.0,35183,11442,23293
4003.0,60473,35557,23732
4005.0,73346,27052,44698
4007.0,27678,18377,8943
4009.0,14996,10749,4034
4011.0,3688,2433,1182
4012.0,7460,5129,2236
4013.0,2069475,995665,1040774
4015.0,104705,78535,24831
4017.0,51783,27657,23383
4019.0,520735,207758,304981
4021.0,185037,107077,75106
4023.0,19561,6194,13138
4025.0,143280,91527,49602
4027.0,69926,36534,32210
6001.0,770070,136309,617659
6003.0,741,244,476
6005.0,22304,13585,8153
6007.0,102066,48730,50426
6009.0,27164,16518,10046
6011.0,7961,4559,3239
6013.0,581316,152877,416386
6015.0,11453,6461,4677
6017.0,116159,61838,51621
6019.0,364917,164464,193025
6021.0,11297,7063,3995
6023.0,68843,21770,44768
6025.0,56743,20847,34678
6027.0,9484,4620,4634
6029.0,305292,164484,133366
6031.0,43861,24072,18699
6033.0,28812,13123,14941
6035.0,11987,8970,2799
6037.0,4264365,1145530,3028885
6039.0,53732,29378,23168
6041.0,155830,24612,128288
6043.0,10280,5950,4088
6045.0,43340,13267,28782
6047.0,90554,39397,48991
6049.0,4343,3109,1150
6051.0,6738,2513,4013
6053.0,163923,46299,113953
6055.0,72150,20676,49817
6057.0,64750,26779,36359
6059.0,1522113,676498,814009
6061.0,235084,122488,106869
6063.0,11260,6445,4561
6065.0,997156,449144,528340
6067.0,718440,259405,440808
6069.0,28830,10590,17628
6071.0,841130,366257,455859
6073.0,1602143,600094,964650
6075.0,443553,56417,378156
6077.0,288492,121098,161137
6079.0,159714,67436,88310
6081.0,374251,75584,291496
6083.0,200339,65736,129963
6085.0,850741,214612,617967
6087.0,144837,26937,114246
6089.0,92930,60789,30000
6091.0,1931,1142,730
6093.0,23472,13290,9593
6095.0,205877,69306,131639
6097.0,268317,61825,199938
6099.0,214954,104145,105841
6101.0,42644,24375,17367
6103.0,28731,19141,8911
6105.0,6259,3188,2851
6107.0,146885,77579,66105
6109.0,30408,17689,11978
6111.0,422825,162207,251388
6113.0,97294,27292,67598
6115.0,29796,17676,11230
8001.0,236740,95657,134202
8003.0,7808,3813,3759
8005.0,350183,127323,213607
8007.0,9144,5189,3738
8009.0,2225,1867,317
8011.0,2274,1503,732
8013.0,206111,42501,159089
8014.0,46632,16295,29077
8015.0,13718,6222,7160
8017.0,1136,993,131
8019.0,6548,2754,3604
8021.0,4333,2286,1959
8023.0,2094,741,1311
8025.0,1750,1271,437
8027.0,3635,2474,1112
8029.0,19370,13081,5887
8031.0,393829,71618,313293
8033.0,1449,1089,341
8035.0,231601,121270,104653
8037.0,29140,9892,18588
8041.0,378851,202828,161941
8039.0,18983,14027,4490
8043.0,25557,17517,7369
8045.0,30904,14717,15427
8047.0,4186,1833,2223
8049.0,9870,4883,4710
8051.0,11190,3735,7132
8053.0,632,353,255
8055.0,4406,2203,2076
8057.0,876,681,175
8059.0,377358,148417,218396
8061.0,903,795,98
8063.0,3871,3144,662
8067.0,35667,14233,20548
8065.0,3961,1497,2303
8069.0,224338,91489,126120
8071.0,7961,4284,3497
8073.0,2651,2135,470
8075.0,10532,8087,2218
8077.0,90623,56894,31536
8079.0,756,427,317
8081.0,7026,5670,1203
8083.0,15500,9306,5836
8085.0,24922,16770,7687
8087.0,13744,9593,3876
8089.0,9576,5756,3605
8091.0,4020,1577,2365
8093.0,12291,6991,4903
8095.0,2485,1958,486
8097.0,11957,2780,8989
8099.0,5561,4008,1458
8101.0,88301,42252,43772
8103.0,3691,3061,561
8105.0,6305,3660,2495
8107.0,16876,5925,10582
8109.0,3389,1413,1884
8111.0,562,202,342
8113.0,5147,1136,3924
8115.0,1446,1121,301
8117.0,18479,5322,12631
8119.0,16939,11241,5278
8121.0,3008,2595,369
8123.0,166974,96145,66060
8125.0,4981,4107,785
9001.0,472396,168445,297505
9003.0,449336,159024,283368
9005.0,107544,55601,50164
9007.0,99203,40665,56848
9009.0,417982,169893,242630
9011.0,139604,57110,79459
9013.0,80713,34838,44151
9015.0,57082,29141,26706
11001.0,41681,1725,39041
11002.0,32881,2918,29078
11003.0,44231,3705,39397
11004.0,45296,1913,42489
11005.0,46107,1769,43320
11006.0,62918,4337,56719
11007.0,38384,1134,36382
11008.0,32858,1085,30897
10001.0,87025,41009,44552
10003.0,287633,88364,195034
10005.0,129352,71230,56682
12001.0,142604,50972,89704
12003.0,14059,11911,2037
12005.0,93024,66097,25614
12007.0,13632,10334,3160
12009.0,360764,207883,148549
12011.0,957672,333409,618752
12013.0,6526,5274,1209
12015.0,116340,73243,42273
12017.0,93208,65352,27092
12019.0,124405,84480,38317
12021.0,207818,128950,77621
12023.0,33042,23836,8914
12027.0,12659,8313,4259
12029.0,8167,6759,1365
12031.0,492820,233762,252556
12033.0,170372,96674,70929
12035.0,71716,43043,28161
12037.0,6849,4675,2120
12039.0,23762,7465,16153
12041.0,9685,7895,1700
12043.0,5193,3782,1385
12045.0,8163,6113,1985
12047.0,5830,3815,1963
12049.0,8485,6122,2298
12051.0,12940,7906,4929
12053.0,108922,70412,37519
12055.0,52170,34873,16938
12057.0,712063,327398,376367
12059.0,9068,8080,924
12061.0,97484,58872,37844
12063.0,22419,15488,6766
12065.0,8451,4479,3897
12067.0,3658,3128,510
12069.0,211314,125859,83505
12071.0,393899,233247,157695
12073.0,162929,57453,103517
12075.0,23145,16749,6205
12077.0,3561,2846,694
12079.0,9380,5576,3747
12081.0,216958,124987,90166
12083.0,204376,127826,74858
12085.0,98726,61168,36893
12086.0,1156816,532833,617864
12087.0,48029,25693,21881
12089.0,58811,42566,15564
12091.0,116373,79798,34248
12093.0,15954,11470,4390
12095.0,647403,245398,395014
12097.0,172436,73480,97297
12099.0,773158,334711,433572
12101.0,301970,179621,119073
12103.0,559715,276209,277450
12105.0,343256,194586,145049
12107.0,36373,25514,10527
12113.0,106928,77385,27612
12115.0,270575,148370,120110
12117.0,260815,125241,132528
12109.0,176622,110946,63850
12111.0,172169,86831,84137
12119.0,92485,62761,29341
12121.0,21057,16410,4485
12123.0,10127,7751,2299
12125.0,6245,5133,1053
12127.0,307439,173821,130575
12129.0,18404,12874,5351
12131.0,43711,32947,10338
12133.0,12327,9876,2347
13001.0,8390,6570,1784
13003.0,3155,2300,825
13005.0,4667,4017,625
13007.0,1555,897,652
13009.0,18261,8903,9140
13011.0,8805,7795,932
13013.0,37946,26804,10453
13015.0,50486,37672,12091
13017.0,6564,4111,2393
13019.0,7744,6419,1269
13021.0,70763,26559,43408
13023.0,5710,4329,1312
13025.0,7749,6993,700
13027.0,7101,4261,2791
13029.0,21349,14240,6738
13031.0,30109,18387,11248
13033.0,10685,5400,5208
13035.0,11776,8406,3274
13037.0,2198,923,1263
13039.0,23698,15249,7967
13043.0,4431,3133,1269
13045.0,54502,37476,16236
13047.0,32626,25167,6932
13049.0,4568,3419,1105
13051.0,133484,53232,78247
13053.0,1582,880,667
13055.0,10053,8064,1854
13057.0,144859,99585,42779
13059.0,51421,14450,36055
13061.0,1436,637,791
13063.0,112391,15811,95466
13065.0,2862,2105,744
13067.0,394022,165436,221847
13069.0,15214,10578,4511
13071.0,16087,11777,4190
13073.0,80620,50013,29232
13075.0,7037,4900,2059
13077.0,76845,51501,24210
13079.0,6102,4428,1615
13081.0,8036,4985,2982
13083.0,7447,6066,1261
13085.0,16084,13398,2486
13089.0,370877,58377,308162
13087.0,11628,6755,4782
13091.0,8072,5843,2172
13093.0,4106,2159,1911
13095.0,35290,10441,24568
13097.0,69139,25454,42814
13099.0,5188,2710,2450
13101.0,1442,1256,167
13103.0,31579,23361,7718
13105.0,9176,6226,2879
13107.0,9507,6553,2886
13109.0,4248,2888,1324
13111.0,14849,12169,2570
13113.0,72012,37956,33062
13115.0,41365,28906,11917
13117.0,129377,85123,42208
13119.0,10767,9069,1593
13121.0,523931,137247,380212
13123.0,16527,13429,2932
13125.0,1565,1402,155
13127.0,41994,25617,15882
13129.0,24044,19405,4384
13131.0,10707,7034,3619
13133.0,11247,7066,4087
13135.0,414350,166400,241994
13137.0,20442,16637,3562
13139.0,90602,64183,25033
13141.0,4153,1154,2976
13143.0,14248,12330,1791
13145.0,20002,14319,5457
13147.0,12734,9465,3157
13149.0,5394,4519,824
13151.0,123016,48259,73443
13153.0,74872,41540,32239
13155.0,4168,3134,1008
13157.0,37685,29502,7642
13159.0,7647,5822,1761
13161.0,5774,4695,1028
13163.0,7639,3537,4058
13165.0,3455,2161,1266
13167.0,4100,2850,1222
13169.0,14940,9940,4882
13171.0,9045,6331,2620
13173.0,3576,2509,1019
13175.0,22732,14493,8074
13177.0,16719,12007,4558
13179.0,21394,7959,13104
13181.0,4641,3173,1432
13183.0,5660,3527,2035
13185.0,46375,25692,20116
13187.0,15545,12163,3126
13193.0,4663,1783,2858
13195.0,14945,11326,3411
13197.0,3626,2275,1312
13189.0,10456,6169,4168
13191.0,6696,4016,2612
13199.0,10880,6524,4287
13201.0,2834,2066,748
13205.0,8963,4935,3993
13207.0,15592,11057,4385
13209.0,3968,2960,980
13211.0,11710,8231,3353
13213.0,15395,12944,2301
13215.0,80528,30107,49446
13217.0,54263,23869,29789
13219.0,25193,16595,8162
13221.0,8138,5592,2439
13223.0,85417,54517,29695
13225.0,12554,6506,5922
13227.0,17172,14110,2824
13229.0,9048,7898,1100
13231.0,10721,9127,1505
13233.0,17399,13587,3657
13235.0,4081,2815,1230
13237.0,11857,8291,3448
13239.0,1106,604,497
13241.0,9574,7474,1984
13243.0,3073,1390,1671
13245.0,87077,26780,59119
13247.0,44699,13014,31237
13249.0,2275,1800,462
13251.0,6629,3915,2661
13253.0,3888,2613,1256
13255.0,30219,18104,11828
13257.0,11885,9367,2386
13259.0,1990,801,1182
13261.0,12150,5733,6314
13263.0,3524,1392,2114
13265.0,928,360,561
13267.0,8187,6054,2062
13269.0,3842,2420,1388
13271.0,4335,2825,1488
13273.0,4416,2004,2376
13275.0,21877,12969,8708
13277.0,16280,10784,5318
13279.0,10914,7873,2938
13281.0,7979,6384,1550
13283.0,3077,2101,952
13285.0,30057,18142,11577
13287.0,3791,2349,1409
13289.0,4444,2370,2044
13291.0,15562,12650,2800
13293.0,12907,8606,4203
13295.0,29374,23173,5770
13297.0,51098,37839,12683
13299.0,14189,9903,4169
13301.0,2650,1166,1468
13303.0,9480,4668,4743
13305.0,12782,9987,2688
13307.0,1391,748,640
13309.0,2285,1583,689
13311.0,14831,12222,2411
13313.0,36766,25644,10680
13315.0,3279,2402,861
13317.0,5031,2823,2160
13319.0,4770,2665,2074
13321.0,9285,6830,2395
15001.0,87814,26897,58731
15003.0,382114,136259,238869
15007.0,33497,11582,21225
15009.0,71044,22126,47305
19001.0,4177,2917,1198
19003.0,2160,1530,590
19005.0,7422,4735,2576
19007.0,6516,4512,1891
19009.0,3420,2295,1071
19011.0,14642,9188,5160
19013.0,66593,29640,35647
19015.0,15340,8695,6303
19017.0,14546,8294,5958
19019.0,10774,6420,4169
19021.0,8167,5056,2961
19023.0,8098,5542,2424
19025.0,5258,3689,1470
19027.0,11335,7737,3454
19029.0,7276,4969,2201
19031.0,10703,6161,4337
19033.0,23801,12442,10941
19035.0,6518,4495,1936
19037.0,6631,4308,2233
19039.0,4670,3144,1466
19041.0,8969,6137,2662
19043.0,9594,6106,3340
19045.0,24687,13361,10812
19047.0,7154,4854,2220
19049.0,56022,27987,26879
19051.0,4102,3032,1013
19053.0,3804,2615,1120
19055.0,10003,6666,3157
19057.0,19956,10592,8893
19059.0,11244,7438,3661
19061.0,53926,27214,25657
19063.0,4853,3265,1520
19065.0,10186,6145,3835
19067.0,8032,4732,3172
19069.0,5130,3422,1626
19071.0,3857,2711,1080
19073.0,5057,3223,1769
19075.0,7276,4929,2206
19077.0,6371,4272,1985
19079.0,7943,4956,2843
19081.0,6172,4390,1683
19083.0,8989,5850,2976
19085.0,8155,5569,2440
19087.0,9982,6507,3275
19089.0,4958,3127,1772
19091.0,5327,3819,1442
19093.0,3849,2880,917
19095.0,9742,6009,3547
19097.0,11135,6940,4029
19099.0,20184,12084,7737
19101.0,8959,4443,4319
19103.0,83851,22925,59177
19105.0,10989,6572,4213
19107.0,5303,3797,1414
19109.0,9090,6275,2696
19111.0,16734,9773,6541
19113.0,127458,53364,70874
19115.0,5332,3500,1726
19117.0,4630,3287,1284
19119.0,6863,5707,1067
19121.0,9824,6507,3134
19123.0,11404,8297,2894
19125.0,19232,12663,6178
19127.0,18136,9571,8176
19129.0,8268,5585,2508
19131.0,5822,3677,2053
19133.0,4728,3248,1407
19135.0,4088,2975,1078
19137.0,5327,3659,1583
19139.0,20671,10823,9372
19141.0,7551,5861,1569
19143.0,3328,2690,601
19145.0,7528,5319,2086
19147.0,4958,3370,1519
19149.0,14188,10492,3494
19151.0,3823,2826,933
19153.0,258755,106800,146250
19155.0,45744,26247,18575
19157.0,10140,5657,4306
19159.0,2714,1968,709
19161.0,5535,4061,1389
19163.0,92599,43683,46926
19165.0,6795,4697,1959
19167.0,19051,15680,3019
19169.0,51038,20340,29175
19171.0,9048,5303,3577
19173.0,3249,2463,746
19175.0,6185,4010,2061
19177.0,3791,2859,875
19179.0,15633,9516,5821
19181.0,31039,17782,12574
19183.0,11765,6971,4561
19185.0,3109,2338,727
19187.0,17822,10938,6613
19189.0,5970,3707,2135
19191.0,12064,6235,5617
19193.0,45362,25736,18704
19195.0,4418,2738,1596
19197.0,6254,4136,1996
16001.0,259700,130699,120539
16003.0,2586,1941,591
16005.0,39587,23331,14682
16007.0,3316,2914,350
16009.0,4975,3878,977
16011.0,19996,15295,4124
16013.0,13289,4032,8919
16015.0,4822,3485,1204
16017.0,27352,18369,8310
16019.0,54034,37805,14254
16021.0,6317,4937,1220
16023.0,1415,1202,188
16025.0,754,507,149
16027.0,90457,61759,25881
16029.0,3416,2906,431
16031.0,9632,7907,1464
16033.0,311,264,41
16035.0,4419,3453,877
16037.0,2739,2089,603
16039.0,10213,7246,2601
16041.0,6664,5845,657
16043.0,6721,5548,998
16045.0,9960,7951,1803
16047.0,6052,4659,1256
16049.0,9610,7826,1561
16051.0,14180,12099,1661
16053.0,7815,5734,1893
16055.0,89511,62837,24312
16057.0,20610,9472,10236
16059.0,4739,3592,1032
16061.0,1870,1489,349
16063.0,1941,1469,414
16065.0,17137,13559,2666
16067.0,7993,6265,1550
16069.0,20985,13738,6686
16071.0,2452,2148,249
16073.0,4743,3819,816
16075.0,11293,8862,2161
16077.0,3076,2116,865
16079.0,6049,4216,1693
16081.0,6362,2858,3318
16083.0,36512,25897,9391
16085.0,7063,3947,2976
16087.0,5346,4154,1073
17001.0,33527,24220,8633
17003.0,2618,1486,1114
17005.0,8145,5625,2288
17007.0,24979,13883,10542
17009.0,2521,1931,486
17011.0,17434,10411,6669
17013.0,2772,2046,677
17015.0,8024,5105,2748
17017.0,5317,3625,1615
17019.0,95142,35285,57067
17021.0,16204,11563,4335
17023.0,8356,6226,1993
17025.0,6886,5629,1129
17027.0,19170,14304,4493
17029.0,22606,14037,8067
17031.0,2325405,558269,1725973
17033.0,9425,7043,2202
17035.0,5832,4601,1142
17037.0,47825,21905,24643
17039.0,8024,5632,2191
17041.0,8738,6227,2335
17043.0,485104,193611,281222
17045.0,8196,6193,1887
17047.0,3366,2833,488
17049.0,19049,15006,3716
17051.0,10056,8055,1826
17053.0,6953,5048,1754
17055.0,18626,13622,4760
17057.0,16678,9867,6503
17059.0,2674,2019,622
17061.0,6227,4770,1349
17063.0,26691,16523,9626
17065.0,4315,3432,824
17067.0,9383,6906,2315
17069.0,2162,1691,449
17071.0,3647,2394,1187
17073.0,25635,15300,9797
17075.0,14025,10877,2908
17077.0,22643,10890,11181
17079.0,5576,4494,1007
17081.0,17404,12476,4608
17083.0,11937,8712,2961
17085.0,12496,7166,5109
17087.0,6437,5059,1281
17089.0,231876,96775,130166
17091.0,49902,28532,20271
17093.0,63974,29492,33168
17095.0,23143,12009,10703
17099.0,53591,30113,22442
17097.0,334177,123594,204032
17101.0,6411,4886,1419
17103.0,16397,9630,6407
17105.0,17174,12208,4615
17107.0,13294,9136,3840
17115.0,49390,28589,19847
17117.0,24022,16153,7365
17119.0,137139,76031,57836
17121.0,17458,12678,4524
17123.0,6334,4197,2005
17125.0,6766,4654,1985
17127.0,6813,4997,1725
17109.0,12285,7027,4992
17111.0,163879,82260,78154
17113.0,87002,40502,43933
17129.0,6928,4764,2022
17131.0,8893,5418,3280
17133.0,21148,14142,6569
17135.0,13727,9544,3905
17137.0,15309,9950,5076
17139.0,6744,4964,1662
17141.0,26272,16248,9428
17143.0,83973,38252,43578
17145.0,10053,7313,2612
17147.0,9822,6248,3329
17149.0,7949,6332,1484
17151.0,2175,1722,433
17153.0,2624,1699,891
17155.0,3390,1993,1338
17157.0,14891,11076,3592
17159.0,8063,6089,1830
17161.0,66758,28603,36691
17165.0,11066,8103,2789
17167.0,104752,53485,48917
17169.0,3906,2773,1068
17171.0,2737,2114,572
17173.0,12097,9426,2504
17163.0,128091,57150,68325
17175.0,2883,2004,815
17177.0,22048,12521,9055
17179.0,69052,42513,24819
17181.0,8886,6161,2579
17183.0,31584,20725,10323
17185.0,5593,4237,1253
17187.0,7909,4676,3090
17189.0,7902,6115,1641
17191.0,8486,7176,1187
17193.0,7421,5791,1517
17195.0,27375,14527,12253
17197.0,345105,155116,183915
17199.0,33653,22801,10206
17201.0,127709,60861,64056
17203.0,21432,14799,6160
18001.0,14209,10686,3236
18003.0,169082,92083,73189
18005.0,36235,22410,12934
18007.0,4114,3007,1009
18009.0,5350,3841,1376
18011.0,38520,22351,15244
18013.0,8981,5777,3036
18015.0,9495,7086,2224
18017.0,15198,10552,4304
18019.0,57869,33668,23093
18021.0,12267,9499,2552
18023.0,12949,9334,3361
18025.0,4944,3483,1355
18027.0,11954,9576,2169
18033.0,19628,14237,4966
18029.0,25383,19528,5446
18031.0,12287,9575,2439
18035.0,48191,26827,20474
18037.0,21770,15033,6292
18039.0,74387,46972,26108
18041.0,10136,7755,2237
18043.0,41802,23400,17511
18045.0,7986,6154,1629
18047.0,12000,9691,2137
18049.0,9147,6694,2280
18051.0,16161,11817,4023
18053.0,27159,18543,8015
18055.0,14784,11103,3389
18057.0,193999,101587,88390
18059.0,42911,28996,12895
18061.0,20236,14565,5343
18063.0,88505,53802,32604
18065.0,21030,15043,5544
18067.0,40630,26449,13303
18069.0,17829,13147,4255
18071.0,19238,14555,4302
18073.0,15475,11383,3798
18075.0,8461,6361,1926
18077.0,14697,9663,4731
18079.0,12251,9490,2523
18081.0,77618,51219,24736
18083.0,16011,11655,4067
18085.0,35787,26499,8364
18087.0,10633,8110,2355
18091.0,49392,25997,22427
18089.0,219956,91760,124870
18093.0,21025,15601,4961
18095.0,51793,31215,19524
18097.0,389619,134175,247772
18099.0,19927,13844,5712
18101.0,5144,4029,1011
18103.0,14473,10925,3235
18105.0,63151,22071,39861
18107.0,17198,12659,4213
18109.0,36159,27512,7781
18111.0,6591,4942,1509
18113.0,19190,14195,4660
18115.0,3164,2392,750
18117.0,8832,6432,2224
18119.0,9904,7286,2420
18121.0,7013,5400,1503
18123.0,8722,5345,3203
18125.0,6220,4692,1415
18127.0,86509,45008,39746
18129.0,13236,9206,3811
18131.0,5806,4246,1463
18133.0,16597,12278,3946
18135.0,11070,8312,2513
18137.0,14271,11261,2774
18139.0,7932,6035,1754
18143.0,10167,7331,2701
18145.0,19991,14568,5023
18147.0,10769,7357,3213
18141.0,115238,53164,59896
18149.0,10290,7466,2650
18151.0,16162,11327,4513
18153.0,8994,6691,2153
18155.0,4154,3133,964
18157.0,71448,34581,35017
18159.0,8116,6110,1834
18161.0,3483,2688,736
18163.0,77662,41844,34415
18165.0,7481,5184,2145
18167.0,43594,24545,18123
18169.0,14573,10762,3494
18171.0,4472,3401,974
18173.0,33829,21326,11923
18175.0,12139,9114,2784
18177.0,27679,17567,9524
18179.0,14050,10855,2928
18181.0,11166,7957,3032
18183.0,17556,12862,4234
20001.0,5918,4218,1570
20003.0,3792,2929,782
20005.0,7440,4906,2359
20007.0,2342,2014,291
20009.0,11130,8608,2340
20011.0,6701,5023,1541
20013.0,4471,3262,1104
20015.0,32520,22634,9181
20017.0,1491,1123,345
20019.0,1639,1402,212
20021.0,9128,6766,2194
20023.0,1429,1183,224
20025.0,1067,904,143
20027.0,4196,3177,894
20029.0,4263,3242,920
20031.0,4573,3489,964
20033.0,921,762,126
20035.0,14231,9656,4273
20037.0,16718,10045,6179
20039.0,1498,1260,218
20041.0,9349,7126,2060
20043.0,3709,2976,686
20045.0,59495,17286,40785
20047.0,1431,1141,271
20049.0,1361,1140,195
20051.0,13800,9758,3737
20053.0,2853,2148,648
20055.0,11800,7236,4325
20057.0,8915,5803,2947
20059.0,12477,8479,3690
20061.0,9603,5323,3983
20063.0,1471,1291,166
20065.0,1337,1080,228
20067.0,2501,1936,518
20069.0,2288,1911,341
20071.0,642,549,78
20073.0,3077,2444,569
20075.0,859,698,141
20077.0,2678,2168,461
20079.0,17309,10182,6747
20081.0,1410,1122,268
20083.0,1045,875,154
20085.0,6584,4517,1881
20087.0,9819,6334,3194
20089.0,1628,1387,212
20091.0,349386,155631,184259
20093.0,1455,1164,267
20095.0,3968,3130,752
20097.0,1165,980,156
20099.0,8563,5735,2655
20101.0,895,762,115
20103.0,36490,21610,13886
20105.0,1579,1283,266
20107.0,5046,4048,896
20109.0,1458,1249,186
20111.0,13988,7550,6055
20115.0,6111,4465,1516
20117.0,5114,3729,1259
20113.0,14438,9964,4134
20119.0,1825,1523,263
20121.0,17937,12308,5247
20123.0,3101,2504,558
20125.0,13426,9931,3228
20127.0,2899,2124,729
20129.0,1198,1034,150
20131.0,5684,4664,927
20133.0,6877,4970,1796
20135.0,1513,1339,149
20137.0,2423,2007,364
20139.0,8050,5705,2136
20141.0,1945,1629,281
20143.0,3191,2610,506
20145.0,2739,2045,643
20147.0,2781,2418,318
20149.0,13083,9452,3313
20151.0,4137,3108,933
20153.0,1504,1261,214
20155.0,28057,18443,8886
20157.0,2657,2182,424
20159.0,4319,3262,965
20161.0,25171,11610,12765
20163.0,2699,2325,339
20165.0,1677,1350,295
20167.0,3467,2790,600
20169.0,24531,15722,8214
20171.0,2354,2014,299
20173.0,223688,122416,95870
20175.0,5294,3372,1833
20177.0,86122,40443,43015
20179.0,1445,1282,147
20181.0,2732,2269,396
20183.0,2129,1763,336
20185.0,2034,1645,357
20187.0,776,614,148
20189.0,2031,1760,237
20191.0,10928,8105,2591
20193.0,3822,3130,625
20195.0,1630,1363,242
20197.0,3902,2845,964
20199.0,825,770,44
20201.0,2883,2363,475
20203.0,968,808,149
20205.0,3954,3153,723
20207.0,1546,1228,294
20209.0,56785,18934,36788
21001.0,8768,7276,1392
21003.0,9364,7587,1642
21005.0,13254,9661,3348
21007.0,4225,3356,825
21009.0,20064,14654,5127
21011.0,5627,3986,1573
21013.0,10044,8140,1789
21015.0,66998,44814,20901
21017.0,9648,6190,3296
21019.0,21751,14295,7083
21021.0,14478,8872,5298
21023.0,4246,3398,800
21025.0,5661,4265,1301
21027.0,10201,7701,2350
21029.0,41998,30708,10552
21031.0,6125,4960,1079
21033.0,6434,4906,1433
21035.0,17457,11352,5797
21037.0,48878,28482,19374
21039.0,2638,2159,463
21041.0,4136,2954,1116
21043.0,11586,8775,2642
21045.0,7171,6179,918
21047.0,23863,15080,8296
21049.0,18139,11811,6004
21051.0,7591,6677,831
21053.0,4932,4280,603
21055.0,4242,3451,731
21057.0,3309,2769,508
21059.0,49287,31025,17286
21061.0,6132,4828,1227
21063.0,2995,2246,712
21065.0,6540,5100,1355
21067.0,152912,58860,90600
21069.0,7068,5534,1474
21071.0,16353,12250,3884
21073.0,26072,12900,12652
21075.0,2426,1606,794
21077.0,3849,2955,822
21079.0,8706,6754,1830
21081.0,11108,8725,2205
21083.0,17019,13206,3560
21085.0,11985,9453,2400
21087.0,5812,4838,920
21089.0,18176,13064,4873
21091.0,4587,3145,1351
21093.0,48941,29832,18101
21095.0,10971,9367,1494
21097.0,8859,6334,2400
21099.0,8370,6345,1908
21101.0,20697,12730,7639
21103.0,8110,5843,2142
21105.0,2199,1714,458
21107.0,21512,15757,5439
21109.0,6113,5453,605
21111.0,386629,150646,228358
21113.0,26280,17096,8567
21115.0,10192,8450,1608
21117.0,82198,48129,32271
21119.0,6252,4780,1412
21121.0,13273,11012,2114
21123.0,7301,5685,1504
21125.0,28111,23237,4475
21127.0,6955,5633,1238
21129.0,2801,2273,481
21131.0,4813,4321,446
21133.0,9135,7226,1799
21135.0,5883,4986,823
21137.0,10914,8489,2254
21139.0,5004,4010,939
21141.0,12350,9067,3094
21143.0,4228,3100,1092
21151.0,43957,27356,15581
21153.0,5447,4174,1214
21155.0,8928,6113,2722
21157.0,17603,13297,4071
21159.0,3936,3496,403
21161.0,7958,5477,2362
21145.0,33549,21820,11195
21147.0,6438,5664,725
21149.0,4782,3633,1074
21163.0,14113,10185,3632
21165.0,3102,2311,750
21167.0,11735,8506,3033
21169.0,5012,3959,975
21171.0,5330,4628,657
21173.0,12842,8993,3630
21175.0,5544,4301,1175
21177.0,14235,10497,3545
21179.0,23256,15703,7188
21181.0,3396,2408,955
21183.0,11129,8582,2404
21185.0,37976,22654,14505
21187.0,5458,4292,1098
21189.0,1896,1671,216
21191.0,6925,5515,1322
21193.0,10626,8129,2356
21195.0,25395,20284,4866
21197.0,5505,4041,1367
21199.0,31557,25442,5666
21201.0,1146,884,253
21203.0,7784,6577,1134
21205.0,10065,5994,3880
21207.0,8955,7519,1331
21209.0,28969,17767,10567
21211.0,23550,15055,8077
21213.0,8732,5888,2681
21215.0,11433,8737,2530
21217.0,12517,9376,2963
21219.0,5363,4062,1205
21221.0,7376,5487,1791
21223.0,4320,3227,1012
21225.0,6577,4965,1529
21227.0,55401,31791,22479
21229.0,6225,4482,1644
21231.0,9240,7430,1700
21233.0,5993,4506,1412
21235.0,15356,12567,2552
21237.0,2979,2097,839
21239.0,15211,8362,6530
22001.0,28425,22596,5443
22003.0,9810,7574,2108
22005.0,62325,40687,20399
22007.0,11235,7271,3833
22009.0,17292,12028,4979
22011.0,16357,13575,2542
22013.0,7050,3891,3067
22015.0,54655,38074,15662
22017.0,104912,48021,55110
22019.0,82663,55066,25982
22021.0,4762,3976,745
22023.0,4039,3671,324
22025.0,4858,3541,1269
22027.0,6580,3770,2731
22029.0,8828,5550,3177
22031.0,14736,9112,5457
22033.0,208182,88420,115577
22035.0,3036,1080,1900
22037.0,10509,6064,4280
22039.0,15412,11053,4158
22041.0,9720,6970,2658
22043.0,9392,8117,1157
22045.0,32713,21251,11027
22047.0,16719,7893,8514
22049.0,7632,5394,2143
22053.0,14841,11423,3208
22051.0,193733,105949,84477
22059.0,7077,6378,638
22055.0,114521,72519,39685
22057.0,45388,36024,8672
22061.0,19275,11311,7559
22063.0,65230,54877,9249
22065.0,4670,1930,2654
22067.0,11574,6510,4946
22069.0,16554,9358,6896
22071.0,177819,26664,147854
22073.0,69166,42255,25913
22075.0,11014,7412,3414
22077.0,12371,7503,4683
22079.0,58865,38347,19475
22081.0,4132,2413,1644
22083.0,9940,6607,3225
22085.0,10596,8776,1731
22087.0,17650,11179,6151
22089.0,28517,18233,9800
22091.0,6158,2714,3346
22093.0,12590,5954,6510
22095.0,21432,7538,13582
22097.0,41154,23171,17372
22099.0,27038,18203,8439
22101.0,23186,14811,8055
22103.0,140110,99666,37746
22105.0,57661,37806,18887
22107.0,2554,1197,1329
22109.0,46240,34339,11198
22111.0,11201,8407,2654
22113.0,27324,21930,5009
22115.0,17268,14107,2898
22117.0,19513,13307,5970
22119.0,18216,11830,6172
22121.0,14097,7684,6200
22123.0,5052,4317,710
22125.0,6268,3863,2298
22127.0,6225,4619,1543
25001.0,150325,55311,91994
25003.0,71375,18064,51705
25005.0,279279,119872,153377
25007.0,12798,2631,9914
25009.0,421210,144837,267198
25011.0,42458,11201,30030
25013.0,218177,87318,125948
25015.0,87854,22281,63362
25017.0,863577,226956,617196
25019.0,7306,1914,5241
25021.0,407751,125294,273312
25023.0,301816,121227,173630
25025.0,335462,58613,270522
25027.0,432014,171683,248773
24001.0,30641,20886,9158
24003.0,309617,127821,172823
24005.0,414932,146202,258409
24510.0,237461,25374,207260
24009.0,49112,25346,22587
24011.0,15794,10283,5095
24013.0,100327,60218,36456
24015.0,47462,29439,16809
24017.0,89498,25579,62171
24019.0,15977,8764,6857
24021.0,145615,63682,77675
24023.0,15611,12002,3281
24025.0,148186,80930,63095
24027.0,183062,48390,129433
24029.0,10794,5195,5329
24031.0,533743,101222,419569
24033.0,424855,37090,379208
24035.0,30290,18741,10709
24039.0,10147,5739,4241
24037.0,55665,30826,23138
24041.0,22555,10946,11062
24043.0,67779,40224,26044
24045.0,46216,22944,22054
24047.0,31691,18571,12560
23001.0,58707,29268,27617
23003.0,35746,21080,13956
23005.0,193765,59584,128759
23007.0,17390,8754,8069
23009.0,35325,14982,19369
23011.0,71858,34721,34902
23013.0,25734,9982,15110
23015.0,23594,10256,12684
23017.0,33492,17698,14755
23019.0,85269,44825,37713
23021.0,9908,6143,3517
23023.0,24038,9755,13528
23025.0,27578,16644,10199
23027.0,24320,11196,12345
23029.0,17357,10194,6761
23031.0,129659,54817,71189
26001.0,7064,4848,2142
26003.0,5128,3014,2053
26005.0,67094,41392,24449
26007.0,16969,10686,6000
26009.0,15949,9748,5960
26011.0,8831,5928,2774
26013.0,4038,2512,1478
26015.0,35905,23471,11797
26017.0,60255,33125,26151
26019.0,12262,6601,5480
26021.0,82391,43519,37438
26023.0,20536,14064,6159
26025.0,66281,36221,28877
26027.0,26216,16699,9130
26029.0,17000,9841,6939
26031.0,15868,10186,5437
26033.0,17642,10681,6648
26035.0,16281,10861,5199
26037.0,47927,25098,21968
26039.0,7861,5087,2672
26041.0,21151,13207,7606
26043.0,14589,9617,4744
26045.0,64327,31798,31299
26047.0,22177,12135,9662
26049.0,221360,98714,119390
26051.0,14603,9893,4524
26053.0,8266,4600,3570
26055.0,60236,30502,28683
26057.0,19127,12102,6693
26059.0,23302,17037,5883
26061.0,18501,10378,7750
26063.0,18437,12731,5490
26065.0,144550,47639,94212
26067.0,32209,20657,10901
26069.0,15363,9759,5373
26071.0,6789,4216,2493
26073.0,29421,14815,14072
26075.0,80861,47372,31995
26077.0,143414,56823,83686
26079.0,10631,7436,3002
26081.0,361048,165741,187915
26083.0,1557,862,672
26085.0,6323,3946,2288
26087.0,52650,35482,16367
26089.0,16900,7916,8795
26091.0,53375,31541,20918
26093.0,127197,76982,48220
26095.0,3001,2109,842
26097.0,7015,4304,2632
26099.0,494256,263863,223952
26101.0,14655,8321,6107
26103.0,37462,16286,20465
26105.0,17254,10207,6802
26107.0,21049,13267,7375
26109.0,12607,8117,4316
26111.0,49088,27675,20493
26113.0,8755,6648,1967
26115.0,87148,52710,32975
26117.0,32100,21815,9703
26119.0,5859,4171,1628
26121.0,92444,45133,45643
26123.0,27161,18857,7873
26125.0,770351,325971,434148
26127.0,14062,8892,4944
26129.0,11907,8253,3475
26131.0,3804,2358,1391
26133.0,12329,8928,3214
26135.0,4874,3466,1342
26137.0,14757,9779,4743
26139.0,168713,100913,64705
26141.0,8344,5342,2911
26143.0,15018,9670,5166
26145.0,103349,50785,51088
26151.0,22446,16194,5966
26153.0,4745,3090,1589
26155.0,39224,23149,15347
26147.0,92064,59185,31363
26149.0,27936,18127,9262
26157.0,29445,20297,8712
26159.0,39066,21591,16803
26161.0,216418,56241,157136
26163.0,872469,264553,597170
26165.0,18265,12102,5838
27001.0,10025,6258,3607
27003.0,211132,104902,100893
27005.0,19401,12438,6589
27007.0,24189,12188,11426
27009.0,22260,14382,7280
27011.0,2974,1863,1053
27013.0,36051,16731,18330
27015.0,14635,9552,4753
27017.0,20369,9791,10098
27019.0,66361,34009,30774
27021.0,18289,11620,6342
27023.0,6611,4250,2226
27025.0,34570,21916,11806
27027.0,32239,15043,16357
27029.0,4708,3372,1260
27031.0,3806,1203,2496
27033.0,6107,4165,1834
27035.0,40173,25676,13726
27037.0,262259,109638,146155
27039.0,12187,7783,4079
27041.0,24165,15799,7868
27043.0,7914,5191,2531
27045.0,12141,7301,4551
27047.0,16818,9578,6889
27049.0,28636,16052,11806
27051.0,3654,2269,1300
27053.0,755969,205973,532623
27055.0,11440,6334,4853
27057.0,12965,8202,4462
27059.0,24235,16491,7138
27061.0,26561,15239,10786
27063.0,5819,3948,1745
27065.0,9242,6278,2774
27067.0,23367,14437,8440
27069.0,2639,1546,1006
27071.0,6922,4131,2659
27073.0,4040,2528,1446
27075.0,7202,3393,3647
27077.0,2408,1704,671
27079.0,16818,10775,5672
27081.0,3115,2121,937
27083.0,12893,7979,4634
27087.0,2304,1142,1112
27089.0,5113,3721,1295
27091.0,11009,7480,3305
27085.0,20933,13986,6413
27093.0,13529,9359,3867
27095.0,14689,9952,4404
27097.0,19558,14821,4367
27099.0,19345,10025,8899
27101.0,4896,3363,1449
27103.0,19125,9018,9622
27105.0,8715,5600,2933
27107.0,3441,1953,1404
27109.0,91385,39692,49491
27111.0,36399,23800,11958
27113.0,7277,4532,2568
27115.0,16001,10256,5419
27117.0,4940,3553,1306
27119.0,15594,9865,5439
27121.0,7022,4417,2477
27123.0,295977,77376,211620
27125.0,2196,1454,691
27127.0,8284,5771,2355
27129.0,8128,5467,2496
27131.0,35686,17464,17402
27133.0,5240,3583,1556
27135.0,8421,6065,2188
27139.0,87965,45872,40040
27141.0,55612,36222,18065
27143.0,8452,5864,2417
27137.0,119531,49017,67704
27145.0,84835,50959,31879
27147.0,21128,12656,7917
27149.0,5085,3044,1922
27151.0,5193,3316,1784
27153.0,13257,9753,3286
27155.0,1864,1172,661
27157.0,13123,8153,4696
27159.0,7677,5520,2023
27161.0,10389,6624,3496
27163.0,166786,73764,89165
27165.0,5201,3103,1987
27167.0,3430,2328,1026
27169.0,27173,13227,13333
27171.0,82426,51973,28430
27173.0,5528,3734,1688
29001.0,10336,6413,3710
29003.0,9752,7255,2351
29005.0,2814,2199,564
29007.0,10656,7732,2704
29009.0,15598,12425,2948
29011.0,6077,5168,844
29013.0,8416,6597,1672
29015.0,10476,8109,2180
29017.0,5983,5167,750
29019.0,91168,38646,50064
29021.0,36598,22450,13445
29023.0,18141,14602,3301
29025.0,4682,3725,897
29027.0,21144,14815,5870
29029.0,24812,18850,5652
29031.0,40328,28907,10760
29033.0,4532,3706,786
29035.0,2897,2451,418
29037.0,57408,37197,19052
29039.0,7044,5788,1145
29041.0,4077,3111,916
29043.0,46839,34920,11131
29045.0,3394,2672,678
29047.0,126569,64605,59400
29049.0,10888,7799,2896
29051.0,39529,26086,12694
29053.0,8693,6272,2249
29055.0,10973,8725,2113
29057.0,4119,3414,656
29059.0,8104,6619,1380
29061.0,3911,3102,746
29063.0,4843,3828,930
29065.0,7142,5987,1056
29067.0,7000,5898,1016
29069.0,10419,8135,2200
29071.0,53685,38058,14569
29073.0,7923,6222,1601
29075.0,3237,2581,613
29077.0,141800,83630,55068
29079.0,4437,3585,799
29081.0,3826,3198,597
29083.0,10788,8027,2619
29085.0,5080,3966,1056
29087.0,2343,1976,338
29089.0,5092,3553,1413
29091.0,18650,15181,3218
29093.0,4592,3596,945
29095.0,333063,126535,199842
29097.0,52352,37728,13549
29099.0,116688,77046,37523
29101.0,23123,15489,6974
29103.0,1854,1486,340
29105.0,16793,13762,2780
29107.0,17055,12273,4472
29109.0,17905,14426,3214
29111.0,4609,3553,984
29113.0,29018,21848,6607
29115.0,5726,4363,1275
29117.0,6758,5267,1410
29121.0,7836,6076,1662
29123.0,5676,4584,1019
29125.0,4771,3892,814
29127.0,13348,9915,3202
29119.0,9053,7465,1439
29129.0,1779,1541,222
29131.0,12382,10176,2038
29133.0,4756,3537,1178
29135.0,7157,5744,1308
29137.0,4483,3477,936
29139.0,5772,4465,1208
29141.0,9487,7442,1924
29143.0,7250,5447,1748
29145.0,28405,22120,5818
29147.0,9893,6865,2853
29149.0,4739,3847,823
29151.0,7539,6425,1037
29153.0,4864,4064,752
29155.0,5735,4120,1560
29157.0,9447,7657,1664
29159.0,19097,13854,4783
29161.0,19568,13480,5637
29163.0,7695,5863,1717
29165.0,57270,28917,27179
29167.0,15064,11850,2885
29169.0,14414,10329,3740
29171.0,2361,1984,361
29173.0,5662,4396,1205
29175.0,10744,8018,2485
29177.0,11649,8345,3109
29179.0,3298,2733,529
29181.0,5717,4839,833
29195.0,9519,6451,2904
29197.0,2003,1606,373
29199.0,1984,1560,388
29201.0,17719,13769,3753
29203.0,3906,3165,706
29205.0,3350,2700,592
29183.0,222017,128389,89530
29185.0,4974,3932,988
29187.0,28001,20511,7044
29510.0,133867,21474,110089
29189.0,536446,199493,328151
29186.0,9484,6630,2713
29207.0,13426,11484,1819
29209.0,18483,14800,3506
29211.0,2471,1974,478
29213.0,26288,20508,5339
29215.0,11315,9478,1716
29217.0,9185,7155,1903
29219.0,18375,13222,4769
29221.0,9976,8047,1804
29223.0,5878,4987,845
29225.0,18779,14880,3573
29227.0,1107,877,215
29229.0,8739,7453,1168
28001.0,13759,5696,7917
28003.0,15813,12818,2782
28005.0,7207,4503,2620
28007.0,8832,5178,3542
28009.0,4292,2570,1679
28011.0,13755,4671,8904
28013.0,6595,4625,1902
28015.0,5705,3924,1729
28017.0,8148,4175,3810
28019.0,4225,3001,1185
28021.0,4453,603,3772
28023.0,8347,5417,2838
28025.0,10206,4181,5844
28027.0,8507,2375,6020
28029.0,12897,6250,6470
28031.0,9371,5854,3416
28033.0,76248,46462,28265
28035.0,31725,17290,13755
28037.0,4464,2923,1480
28039.0,11064,9713,1218
28041.0,5816,4794,966
28043.0,10919,6081,4734
28045.0,20957,16132,4504
28047.0,75865,46822,27728
28049.0,100191,25141,73550
28051.0,8115,1369,6588
28053.0,4189,1118,3016
28055.0,676,308,355
28057.0,10826,9438,1249
28059.0,54623,36295,17375
28061.0,8742,4302,4341
28065.0,6213,2534,3599
28063.0,3911,531,3327
28067.0,30091,21226,8517
28069.0,4732,1787,2887
28071.0,23481,12949,10070
28073.0,28526,20704,7340
28075.0,31266,17967,12960
28077.0,6617,4285,2260
28079.0,9204,5228,3897
28081.0,37003,24207,12189
28083.0,10893,3129,7648
28085.0,16818,11596,5040
28087.0,27274,13800,13087
28089.0,56335,31091,24440
28091.0,12194,8273,3787
28093.0,15830,7566,8057
28095.0,17279,11177,5874
28097.0,5078,2917,2121
28099.0,11720,8320,3260
28101.0,10189,6997,3075
28103.0,5341,1240,4040
28105.0,19812,9004,10299
28107.0,15635,8060,7403
28109.0,24056,19595,4148
28111.0,5922,4500,1362
28113.0,17360,8479,8646
28115.0,14377,11550,2614
28117.0,10661,8370,2153
28119.0,3229,1026,2150
28121.0,70655,50895,18847
28123.0,10744,6285,4330
28125.0,2183,688,1465
28127.0,11820,7635,4037
28129.0,8327,6458,1791
28131.0,7878,5964,1802
28133.0,9683,2799,6781
28135.0,5691,2488,3105
28137.0,13101,8707,4183
28139.0,10102,8054,1937
28141.0,9147,7933,1059
28143.0,3565,926,2580
28145.0,12683,10373,2160
28147.0,7122,4220,2835
28149.0,21056,10365,10442
28151.0,18025,5300,12503
28153.0,10066,6307,3624
28155.0,5402,4291,1043
28157.0,4130,1324,2749
28159.0,9244,5112,4040
28161.0,6538,3671,2785
28163.0,10441,4832,5496
30001.0,5661,3923,1608
30003.0,4787,2207,2491
30005.0,3118,1469,1589
30007.0,4097,3173,835
30009.0,7053,4468,2421
30011.0,864,775,74
30013.0,39885,23315,15456
30015.0,2965,1891,991
30017.0,5860,4205,1514
30019.0,1014,799,195
30021.0,4825,3758,962
30023.0,4891,2186,2562
30025.0,1575,1375,172
30027.0,6507,4869,1496
30029.0,59938,38321,20274
30031.0,70988,31696,37044
30033.0,813,764,41
30035.0,5617,1884,3610
30037.0,503,414,78
30039.0,2102,1419,638
30041.0,7182,3957,2981
30043.0,8151,5345,2625
30045.0,1344,1040,275
30047.0,16626,9322,6916
30049.0,42273,21409,19743
30051.0,1083,821,249
30053.0,11749,8672,2835
30057.0,6087,4191,1771
30055.0,1128,956,155
30059.0,1110,833,258
30061.0,2563,1828,686
30063.0,71499,26347,43357
30065.0,2881,2423,413
30067.0,11569,6025,5280
30069.0,348,298,39
30071.0,2382,1936,416
30073.0,2995,2031,903
30075.0,1136,970,154
30077.0,3179,2355,752
30079.0,744,603,126
30081.0,28507,19114,8763
30083.0,5798,4800,875
30085.0,4017,1996,1910
30087.0,3773,2486,1199
30089.0,7623,5660,1820
30091.0,2030,1403,574
30093.0,18658,7745,10392
30095.0,5724,4462,1156
30097.0,2446,1840,549
30099.0,3679,2608,1007
30101.0,2119,1596,467
30103.0,460,373,78
30105.0,4261,3135,1030
30107.0,1068,823,225
30109.0,598,516,77
30111.0,83821,50772,30679
37001.0,86091,46056,38825
37003.0,20236,15888,4145
37005.0,6076,4527,1486
37007.0,11194,5321,5789
37009.0,15814,11451,4164
37011.0,9458,7172,2191
37013.0,26315,16437,9633
37015.0,9815,3817,5939
37017.0,17125,9676,7326
37019.0,90175,55850,33310
37021.0,161569,62412,96515
37023.0,44602,31019,13118
37025.0,117227,63237,52162
37027.0,42829,32119,10245
37029.0,5953,4312,1537
37031.0,42695,30028,12093
37033.0,12051,7089,4860
37035.0,83425,56588,25689
37037.0,48599,21186,26787
37039.0,16423,12628,3583
37041.0,7784,4471,3247
37043.0,6893,5112,1699
37045.0,51308,33798,16955
37047.0,26446,16832,9446
37049.0,53065,31032,21148
37051.0,147150,60032,84469
37053.0,16147,11657,4195
37055.0,24232,13938,9936
37057.0,88514,64658,22636
37059.0,25311,18228,6713
37061.0,22715,13793,8767
37063.0,179914,32459,144688
37065.0,25477,9206,16089
37067.0,201270,85064,113033
37069.0,37351,20901,15879
37071.0,115498,73033,40959
37073.0,5971,3367,2546
37075.0,4665,3710,905
37077.0,31598,16647,14565
37079.0,8753,4874,3832
37081.0,284486,107294,173086
37083.0,25759,10080,15545
37085.0,58293,35177,22093
37087.0,36542,22834,13144
37089.0,68371,40032,27211
37091.0,10634,3479,7097
37093.0,21639,9453,11804
37095.0,2492,1418,1046
37097.0,102371,67010,33888
37099.0,21428,11356,9591
37101.0,111357,68353,41257
37103.0,5525,3280,2197
37105.0,29008,16469,12143
37107.0,28409,14590,13605
37109.0,50217,36341,13274
37113.0,20743,14211,6230
37115.0,13076,7979,4901
37117.0,12540,6532,5911
37111.0,23003,16883,5832
37119.0,567053,179211,378107
37121.0,9041,7090,1867
37123.0,12849,8411,4327
37125.0,58339,36764,20779
37127.0,52271,25827,25947
37129.0,131830,63331,66138
37131.0,10110,3989,6069
37133.0,72235,46078,24266
37135.0,84997,20176,63594
37137.0,7631,4849,2713
37139.0,19897,9770,9832
37141.0,34169,21956,11723
37143.0,7484,4903,2492
37145.0,21894,13184,8465
37147.0,87573,38982,47252
37149.0,12358,7689,4518
37151.0,73316,56894,15618
37153.0,20763,11830,8754
37155.0,47188,27806,19020
37157.0,47809,31301,15992
37159.0,73408,49297,23114
37161.0,34429,24891,9135
37163.0,28618,17411,10966
37165.0,14775,7473,7186
37167.0,33939,25458,8129
37169.0,25703,20144,5286
37171.0,36638,27538,8721
37173.0,7068,4161,2780
37175.0,20404,11636,8444
37177.0,1817,1044,758
37179.0,131011,80382,48725
37181.0,20999,8391,12431
37183.0,631830,226197,393336
37185.0,10293,3752,6400
37187.0,6205,2781,3396
37189.0,32220,14451,17122
37191.0,55537,30709,24215
37193.0,35466,27592,7511
37195.0,40735,19581,20754
37197.0,19923,15933,3763
37199.0,11352,7516,3688
38001.0,1269,981,258
38003.0,5565,3568,1820
38005.0,1961,1094,822
38007.0,635,541,72
38009.0,3471,2575,821
38011.0,1657,1395,228
38013.0,1155,994,137
38015.0,50753,34744,14348
38017.0,86053,42619,40311
38019.0,2020,1499,474
38021.0,2424,1742,608
38023.0,1202,904,265
38025.0,2338,1951,342
38027.0,1261,854,383
38029.0,2009,1738,237
38031.0,1778,1362,373
38033.0,1026,871,137
38035.0,30970,16987,12880
38037.0,1381,1145,207
38039.0,1250,907,308
38041.0,1312,1091,196
38043.0,1460,1215,221
38045.0,2219,1645,527
38047.0,1076,930,128
38049.0,3003,2364,564
38051.0,1455,1153,261
38053.0,5419,4482,814
38055.0,5536,4198,1230
38057.0,4675,3856,704
38059.0,16619,12243,3872
38061.0,4165,2824,1256
38063.0,1777,1141,586
38065.0,1066,918,129
38067.0,3331,2460,786
38069.0,2128,1585,497
38071.0,5372,3577,1639
38073.0,2454,1418,945
38075.0,1319,1065,220
38077.0,7812,5072,2510
38079.0,3804,1257,2482
38081.0,2070,1266,738
38083.0,812,688,104
38085.0,1186,258,804
38087.0,427,380,44
38089.0,15050,12110,2499
38091.0,1088,652,392
38093.0,9959,6994,2676
38095.0,1174,830,317
38097.0,4136,2522,1493
38099.0,4783,3324,1333
38101.0,28246,19974,7293
38103.0,2374,1893,442
38105.0,14334,11739,2169
31001.0,14653,10085,4213
31003.0,3587,3093,452
31005.0,285,260,21
31007.0,411,362,43
31009.0,317,280,35
31011.0,3226,2653,499
31013.0,5200,4002,1051
31015.0,1155,1010,135
31017.0,1684,1470,191
31019.0,23711,16640,6350
31021.0,3739,2580,1063
31023.0,4518,3542,873
31025.0,15326,10121,4737
31027.0,5015,4174,725
31029.0,2000,1740,226
31031.0,3269,2844,373
31033.0,4776,3813,855
31035.0,3570,2848,632
31037.0,3726,2636,1025
31039.0,4459,3507,870
31041.0,6010,5090,786
31043.0,6817,3926,2744
31045.0,4151,2931,1082
31047.0,9191,6524,2497
31049.0,1034,871,141
31051.0,3094,2335,651
31053.0,16938,10984,5544
31055.0,276540,119159,150350
31057.0,1003,883,105
31059.0,3148,2359,693
31061.0,1728,1437,276
31063.0,1446,1229,189
31065.0,2602,2163,399
31067.0,11119,7445,3385
31069.0,1200,1016,161
31071.0,1076,933,133
31073.0,1121,893,215
31075.0,402,375,20
31077.0,1259,1016,229
31079.0,24450,16189,7681
31081.0,5566,4309,1118
31083.0,1934,1615,282
31085.0,536,494,34
31087.0,1470,1264,175
31089.0,5550,4769,686
31091.0,442,376,59
31093.0,3511,2786,648
31095.0,3730,2616,1016
31097.0,2233,1518,647
31099.0,3617,2822,701
31101.0,4369,3544,763
31103.0,530,476,49
31105.0,1877,1563,268
31107.0,4708,3721,905
31109.0,157215,70092,82293
31111.0,17163,13071,3692
31113.0,450,407,38
31115.0,454,370,75
31119.0,15819,11940,3478
31117.0,302,275,17
31121.0,4282,3419,743
31123.0,2558,2113,386
31125.0,1832,1437,359
31127.0,3432,2428,921
31129.0,2305,1857,409
31131.0,8355,5649,2490
31133.0,1429,1071,322
31135.0,1545,1321,199
31137.0,5021,4157,752
31139.0,4012,3462,480
31141.0,15721,12186,3260
31143.0,2887,2291,530
31145.0,5470,4525,811
31147.0,4134,3073,996
31149.0,842,744,84
31151.0,5780,3631,1986
31153.0,96193,51979,41206
31155.0,12786,9108,3331
31157.0,15524,10952,4196
31159.0,9199,6490,2438
31161.0,2684,2292,340
31163.0,1700,1322,343
31165.0,731,642,72
31167.0,3165,2561,532
31169.0,2989,2308,624
31171.0,427,377,45
31173.0,2379,1180,1122
31175.0,2344,1901,412
31177.0,12467,8583,3554
31179.0,4218,3055,1022
31181.0,1876,1511,335
31183.0,503,438,59
31185.0,7161,5337,1630
33001.0,38453,20899,16894
33003.0,33272,16150,16649
33005.0,44229,17898,25522
33007.0,16528,8617,7640
33009.0,53989,19905,33180
33011.0,231040,104625,122344
33013.0,89887,39711,48533
33015.0,198943,95858,100064
33017.0,73729,30489,41721
33019.0,24383,11508,12390
34001.0,140441,64438,73808
34003.0,497460,204417,285967
34005.0,262650,103345,154595
34007.0,265599,86207,175065
34009.0,57933,33158,23941
34011.0,62575,28952,32742
34013.0,345311,75475,266820
34015.0,173453,83340,86702
34017.0,250458,65698,181452
34019.0,84673,43153,39457
34021.0,177223,51641,122532
34023.0,375692,143467,226250
34025.0,378390,191808,181291
34027.0,300917,141134,153881
34029.0,342746,217740,119456
34031.0,224330,92009,129097
34033.0,34042,18827,14479
34035.0,186891,71996,111173
34037.0,88355,51701,34481
34039.0,254142,80038,170310
34041.0,61057,34769,24901
35001.0,317590,116135,193757
35003.0,2326,1698,595
35005.0,22443,15656,6381
35006.0,8903,3975,4745
35007.0,6016,3271,2611
35009.0,15101,10444,4307
35011.0,901,656,231
35013.0,82641,32802,47957
35015.0,23222,17454,5424
35017.0,14435,6553,7590
35019.0,2189,917,1234
35021.0,505,319,179
35023.0,1974,1120,823
35025.0,20918,16531,4061
35027.0,10306,6942,3194
35028.0,12293,4278,7554
35029.0,8103,4408,3563
35031.0,26486,7801,18029
35033.0,2686,903,1745
35035.0,23571,14521,8485
35037.0,3873,2634,1170
35039.0,16628,5408,10990
35041.0,6608,4634,1802
35045.0,52294,32874,18083
35047.0,11531,3421,7888
35043.0,76562,34174,40588
35049.0,82227,18329,62530
35051.0,5945,3542,2265
35053.0,7160,3255,3722
35055.0,17181,3715,13121
35057.0,7281,4772,2344
35059.0,1789,1388,383
35061.0,32277,17364,14263
32510.0,29739,16113,12735
32001.0,12890,9372,3051
32003.0,972510,430930,521852
32005.0,34125,21630,11571
32007.0,21967,16741,4557
32009.0,487,400,74
32011.0,1017,895,105
32013.0,7771,5877,1689
32015.0,2765,2198,496
32017.0,2446,2067,330
32019.0,30238,20914,8473
32021.0,2335,1423,829
32023.0,25378,17528,7288
32027.0,2320,1731,547
32029.0,2877,1908,902
32031.0,252142,116760,128128
32033.0,4369,3403,859
36001.0,153586,51081,99474
36003.0,20716,14135,6048
36005.0,425883,67740,355374
36047.0,913690,202772,703310
36007.0,92794,43800,47010
36009.0,34760,22155,11879
36011.0,36421,19512,16149
36013.0,59195,34853,23087
36015.0,39410,21922,16636
36017.0,22282,13482,8290
36019.0,35437,16514,18364
36021.0,35522,14464,20386
36023.0,21678,10789,10369
36025.0,22971,13387,9143
36027.0,150745,66872,81443
36029.0,473021,197527,267174
36031.0,19271,8976,9947
36033.0,19268,9668,9253
36035.0,23718,15378,7931
36037.0,29217,18876,9625
36039.0,25137,14271,10346
36041.0,3460,2225,1178
36043.0,29319,18870,9937
36045.0,43855,25629,17307
36049.0,12944,8894,3824
36051.0,31401,18182,12477
36053.0,34038,18408,14807
36061.0,695263,85185,603040
36055.0,379864,145661,225746
36057.0,21134,12745,7977
36059.0,730983,326716,396504
36063.0,104123,56068,46029
36065.0,100746,57180,41567
36067.0,234735,90619,138894
36069.0,59674,29039,29025
36071.0,172196,84996,84684
36073.0,18154,12126,5587
36075.0,54491,32138,21143
36077.0,28010,14382,12975
36079.0,54989,29283,24953
36081.0,788262,212665,569038
36083.0,79286,36500,40969
36087.0,150369,73186,75802
36089.0,44800,24608,19361
36091.0,132655,61305,68471
36093.0,74862,30741,42465
36095.0,15685,9903,5345
36097.0,9740,5621,3903
36099.0,15608,8329,6914
36085.0,216278,123320,90997
36101.0,46179,29474,15790
36103.0,771751,381253,381021
36105.0,34647,18665,15489
36107.0,25036,14791,9634
36109.0,45735,11096,33619
36111.0,97420,37590,57970
36113.0,36149,17699,17642
36115.0,28101,15941,11565
36117.0,44727,26204,17456
36119.0,462265,144713,312371
36121.0,19399,13898,5073
36123.0,10701,6208,4219
39001.0,12145,9870,2156
39003.0,48006,33116,14149
39005.0,26405,19407,6541
39007.0,44147,26890,16497
39009.0,26059,10862,14772
39011.0,25777,20798,4651
39013.0,33088,23560,9138
39015.0,21096,16480,4380
39017.0,186737,114392,69613
39019.0,14212,10745,3251
39021.0,19972,14589,5062
39023.0,64212,39032,24076
39025.0,110480,74570,34092
39027.0,20527,15488,4697
39029.0,49860,35726,13359
39031.0,16739,12325,4125
39033.0,20686,15436,4916
39035.0,625670,202699,416176
39037.0,27134,22004,4731
39039.0,19381,13038,5981
39041.0,126070,66356,57735
39043.0,40335,22160,17493
39045.0,83311,50797,31224
39047.0,12612,9473,2975
39049.0,630577,211237,409144
39051.0,22770,15731,6664
39053.0,13799,10645,2990
39055.0,56021,34143,21201
39057.0,88643,52072,34798
39059.0,18230,13407,4577
39061.0,430929,177886,246266
39063.0,38771,26310,11757
39065.0,13247,9949,3062
39067.0,7655,5792,1768
39069.0,14764,10479,4062
39071.0,19676,15678,3799
39073.0,13824,9737,3880
39075.0,12947,10796,1994
39077.0,27190,18956,7759
39079.0,14794,11309,3311
39081.0,33362,22828,10018
39083.0,31398,22340,8589
39085.0,130509,73278,55514
39087.0,28127,20306,7489
39089.0,94210,59514,33055
39091.0,23368,17964,5055
39093.0,157437,79520,75667
39095.0,200623,81763,115411
39097.0,19855,13835,5698
39099.0,118966,59903,57641
39101.0,27818,19023,8269
39103.0,105825,64598,39800
39105.0,10951,8316,2492
39107.0,23761,19452,4030
39109.0,57972,41371,15663
39111.0,7148,5463,1605
39113.0,268505,129034,135064
39115.0,6847,5041,1725
39117.0,18457,14077,4048
39119.0,40465,27867,11971
39121.0,6343,5135,1170
39123.0,24007,14628,9008
39125.0,9467,7086,2213
39127.0,16675,12357,4098
39129.0,28271,20593,7304
39131.0,12412,9157,3110
39133.0,82872,45990,35661
39135.0,21809,17022,4493
39137.0,19921,16412,3195
39139.0,59975,41472,17640
39141.0,33299,22278,10557
39143.0,30074,18896,10596
39145.0,32047,22609,9080
39147.0,25810,17086,8266
39149.0,25258,20422,4465
39151.0,189879,111097,75904
39153.0,280473,124833,151668
39155.0,101001,55194,44519
39157.0,44015,30458,12889
39159.0,33445,21669,11141
39161.0,14965,11650,3067
39163.0,6030,4632,1331
39165.0,136100,87988,46069
39167.0,32031,22307,9243
39169.0,54283,36759,16660
39171.0,18651,13452,4842
39173.0,67597,35757,30617
39175.0,11390,8462,2733
40001.0,7108,5585,1387
40003.0,2262,1978,232
40005.0,5389,4557,765
40007.0,2178,1968,190
40009.0,7948,6767,1048
40011.0,3901,3136,688
40013.0,15976,12344,3323
40015.0,9859,7013,2670
40017.0,61940,43550,16742
40019.0,19479,14699,4470
40021.0,17714,11223,6027
40023.0,5832,4698,1082
40025.0,1054,970,70
40027.0,119778,66677,49827
40029.0,2524,2091,374
40031.0,35631,20905,13747
40033.0,2572,2117,393
40035.0,6032,4686,1217
40037.0,30505,23294,6577
40039.0,10691,8060,2369
40041.0,17245,13557,3472
40043.0,2359,2124,214
40045.0,1873,1688,162
40047.0,22430,16970,4919
40049.0,10922,8878,1865
40051.0,23101,18538,4144
40053.0,2226,1916,280
40055.0,1973,1605,328
40057.0,933,747,177
40059.0,1487,1327,136
40061.0,5014,4165,783
40063.0,4857,3875,919
40065.0,8221,6392,1646
40067.0,2385,2026,319
40069.0,4251,3441,738
40071.0,17249,12834,4040
40073.0,6465,5521,854
40075.0,3427,2673,699
40077.0,4249,3437,762
40079.0,18805,15213,3299
40081.0,14888,12013,2609
40083.0,21574,15608,5455
40085.0,4076,3305,711
40093.0,3467,3084,320
40095.0,6064,4891,1100
40097.0,16626,12749,3581
40087.0,19236,15295,3582
40089.0,11467,9485,1858
40091.0,8335,6172,2031
40099.0,5894,4612,1156
40101.0,25081,16526,8027
40103.0,4938,3821,1003
40105.0,4391,3610,712
40107.0,4038,3058,896
40109.0,294740,145050,141724
40111.0,14313,9668,4357
40113.0,20538,14121,6002
40115.0,11438,8545,2686
40117.0,6786,5267,1363
40119.0,29643,17813,10904
40121.0,17924,13851,3768
40123.0,15320,10805,4117
40125.0,28185,20240,7275
40127.0,4739,4016,668
40129.0,1834,1629,168
40131.0,44553,34031,9589
40133.0,8337,6011,2150
40135.0,15386,12113,3035
40137.0,19057,15560,3154
40139.0,5521,4505,894
40141.0,2708,2076,597
40143.0,266678,150574,108996
40145.0,35338,26165,8464
40147.0,23501,17076,5790
40149.0,4777,4086,598
40151.0,3678,2993,591
40153.0,7785,6611,1005
41001.0,9932,7352,2346
41003.0,52799,14878,35827
41005.0,257679,110509,139043
41007.0,23910,10218,12916
41009.0,32221,17150,13835
41011.0,37075,21829,14243
41013.0,15448,11287,3801
41015.0,14925,8484,6058
41017.0,125234,55646,65962
41019.0,64349,43298,19160
41021.0,1178,834,324
41023.0,4596,3545,929
41025.0,4481,3475,894
41027.0,13090,3955,8764
41029.0,127165,63869,59478
41031.0,11913,7189,4393
41033.0,51641,31751,18451
41035.0,36726,25308,10388
41037.0,4363,3470,792
41039.0,222253,80336,134366
41041.0,30726,12460,17385
41043.0,72640,43486,26512
41045.0,11804,8187,3260
41047.0,165534,79002,80872
41049.0,5118,3586,1371
41051.0,463659,82995,367249
41053.0,48291,23732,22917
41055.0,1208,921,260
41057.0,16888,8354,8066
41059.0,33038,21270,10707
41061.0,14944,10298,4254
41063.0,5149,3404,1625
41065.0,14130,7035,6604
41067.0,320326,99073,209940
41069.0,965,711,217
41071.0,58923,29551,27174
42001.0,56714,37523,18207
42003.0,724800,282913,430759
42005.0,36370,27489,8457
42007.0,94122,54759,38122
42009.0,27574,23025,4367
42011.0,205540,109736,92895
42013.0,63595,45306,17636
42015.0,30159,21600,8046
42017.0,396234,187367,204712
42019.0,113305,74359,37508
42021.0,70574,48085,21730
42023.0,2434,1771,634
42025.0,33629,21984,11212
42027.0,77493,36372,40055
42029.0,315753,128565,182372
42031.0,19493,14578,4678
42033.0,39496,29203,9673
42035.0,17625,11902,5502
42037.0,31171,20098,10532
42039.0,42004,28559,12924
42041.0,141595,77212,62245
42043.0,147368,66408,78983
42045.0,329006,118532,206423
42047.0,16906,12140,4522
42049.0,137083,66869,68286
42051.0,62139,41227,20444
42053.0,2646,1882,728
42055.0,80783,57245,22422
42057.0,7977,6824,1085
42059.0,17669,12579,4911
42061.0,22792,17061,5445
42063.0,41198,28089,12634
42065.0,22824,17960,4527
42067.0,12043,9649,2253
42069.0,115410,52334,61991
42071.0,281375,160209,115847
42073.0,46076,29597,15978
42075.0,71858,46731,23932
42077.0,184713,84259,98288
42079.0,153321,86929,64873
42081.0,59254,41462,16971
42083.0,19466,14083,5098
42085.0,57954,36143,21067
42087.0,21502,16670,4603
42089.0,83829,38726,44060
42091.0,510157,185460,319511
42093.0,9817,5844,3771
42095.0,171399,83854,85087
42097.0,42283,28952,12677
42099.0,24652,18293,5950
42101.0,741377,132740,603790
42103.0,32554,19213,13019
42105.0,9064,7239,1726
42107.0,70603,48871,20727
42109.0,19140,13983,4910
42111.0,40543,31466,8654
42113.0,3595,2619,921
42115.0,21752,15207,6236
42117.0,21075,15742,4955
42119.0,20115,12356,7475
42121.0,26528,18569,7585
42123.0,20650,14237,6066
42125.0,118478,72080,45088
42127.0,28089,18637,9191
42129.0,205183,130218,72129
42131.0,14858,9936,4704
42133.0,238471,146733,88114
44001.0,28415,9745,18050
44003.0,93093,42001,49113
44005.0,46148,15722,29486
44007.0,272667,102551,165012
44009.0,76060,29818,44549
45001.0,12433,8215,4101
45003.0,85185,51589,32275
45005.0,3593,835,2718
45007.0,96093,67565,27169
45009.0,6482,2417,4010
45011.0,10321,5492,4720
45013.0,97835,53194,43419
45015.0,104458,57397,45223
45017.0,8291,4305,3905
45019.0,218857,93297,121485
45021.0,25270,18043,6983
45023.0,15757,8660,6941
45025.0,18876,11297,7431
45027.0,16733,8361,8250
45029.0,19283,10440,8602
45031.0,32417,16832,15220
45033.0,13101,6582,6436
45035.0,77278,41913,33824
45037.0,13304,8184,4953
45039.0,12136,4625,7382
45041.0,64510,32615,31153
45043.0,36668,20487,15822
45045.0,258155,150021,103030
45047.0,32006,19431,12145
45049.0,9305,3906,5323
45051.0,179744,118821,59180
45053.0,14394,7078,7185
45055.0,33629,20471,12699
45057.0,49868,30312,18937
45059.0,30488,20004,10159
45061.0,8431,3008,5329
45063.0,144568,92817,49301
45067.0,14704,5711,8872
45069.0,11446,5044,6290
45065.0,5697,2958,2687
45071.0,18631,11443,6958
45073.0,40668,29698,10414
45075.0,41205,13603,27295
45077.0,57546,42907,13645
45079.0,193822,58313,132570
45081.0,9274,6210,2963
45083.0,148655,93560,52926
45085.0,48920,21000,27379
45087.0,13257,8183,4935
45089.0,15985,5532,10289
45091.0,144050,82727,59008
46003.0,1405,1052,317
46005.0,7081,4808,2107
46007.0,1183,694,466
46009.0,3001,2235,721
46011.0,14567,8000,6110
46013.0,17547,10580,6538
46015.0,2490,1750,673
46017.0,549,183,352
46019.0,4802,3731,939
46021.0,873,747,117
46023.0,3783,2552,1177
46025.0,1850,1373,437
46027.0,5698,2456,3083
46029.0,13161,8958,3837
46031.0,1283,647,622
46033.0,5494,3852,1522
46035.0,8454,5613,2648
46037.0,2964,1869,1052
46039.0,2350,1699,609
46041.0,1966,790,1131
46043.0,1707,1468,216
46045.0,1985,1538,417
46047.0,4042,2878,1053
46049.0,1182,964,198
46051.0,3745,2618,1056
46053.0,2258,1771,455
46055.0,1137,1026,105
46057.0,3083,2372,647
46059.0,1836,1433,373
46061.0,2388,1793,557
46063.0,813,748,49
46065.0,8723,5522,2953
46067.0,3767,2944,762
46069.0,710,564,136
46071.0,1115,738,359
46073.0,1006,721,270
46075.0,599,498,90
46077.0,2779,1904,819
46079.0,5873,3681,2068
46081.0,13828,8753,4537
46083.0,32396,19617,11981
46085.0,1597,1042,525
46091.0,2178,1287,858
46087.0,2900,2068,769
46089.0,1324,1075,222
46093.0,13670,9875,3285
46095.0,769,449,298
46097.0,1138,787,320
46099.0,92326,49249,40482
46101.0,3206,1951,1179
46102.0,3200,297,2829
46103.0,57518,35063,20606
46105.0,1669,1401,239
46107.0,1380,1139,227
46109.0,4307,2404,1828
46111.0,1185,905,257
46115.0,3163,2104,998
46117.0,1652,1203,421
46119.0,930,726,185
46121.0,2539,532,1963
46123.0,2696,2161,495
46125.0,4548,3290,1139
46127.0,8855,5944,2725
46129.0,2580,1966,565
46135.0,10900,6581,4016
46137.0,906,404,481
47001.0,35570,23184,11741
47003.0,19088,14354,4453
47005.0,7260,5668,1529
47007.0,5758,4725,971
47009.0,66609,47369,17932
47011.0,45865,35204,9851
47013.0,14933,12331,2441
47015.0,6557,5190,1261
47017.0,11905,9205,2559
47019.0,24492,19584,4529
47021.0,20260,14438,5514
47023.0,7584,5952,1412
47025.0,12945,10604,2202
47027.0,3506,2733,735
47029.0,14859,12162,2533
47031.0,24282,17883,5705
47033.0,6114,4673,1382
47035.0,32279,25168,6728
47037.0,309658,100218,199703
47041.0,8513,6672,1750
47039.0,5241,4229,904
47043.0,24323,17643,6106
47045.0,15079,11768,3158
47047.0,22984,15690,7027
47049.0,8729,7441,1214
47051.0,19132,13987,4864
47053.0,22335,16259,5771
47055.0,13203,9784,3298
47057.0,10134,8565,1467
47059.0,28087,22259,5199
47061.0,5855,4802,988
47063.0,24631,18811,5500
47065.0,171113,92108,75522
47067.0,2744,2372,362
47069.0,10063,5760,4180
47071.0,11538,9559,1775
47073.0,24824,20405,4083
47075.0,7439,3343,4012
47077.0,12020,9797,2092
47079.0,15047,11239,3548
47081.0,9832,7577,2130
47083.0,3686,2718,871
47085.0,8236,6120,2017
47087.0,5323,4118,1135
47089.0,23616,18651,4654
47091.0,7801,6468,1246
47093.0,220556,124540,91422
47095.0,2034,1492,526
47097.0,8965,5674,3193
47099.0,18718,15334,3195
47101.0,5609,4474,1072
47103.0,15608,12281,2919
47105.0,29347,21713,6948
47111.0,9487,8096,1307
47113.0,42950,23943,18390
47115.0,13256,9911,3177
47117.0,14878,11043,3605
47119.0,46657,31464,14418
47107.0,22844,18198,4361
47109.0,11275,9093,1943
47121.0,5532,4467,1008
47123.0,20797,16783,3764
47125.0,76758,42187,32472
47127.0,3539,2888,573
47129.0,8228,6930,1167
47131.0,13521,10790,2589
47133.0,10037,7918,2033
47135.0,3428,2775,615
47137.0,2931,2381,525
47139.0,8360,6792,1492
47141.0,33593,23759,9185
47143.0,13637,11050,2369
47145.0,25917,19230,6043
47147.0,33717,24536,8692
47149.0,143878,81480,59341
47151.0,9052,8004,986
47153.0,7252,5855,1298
47155.0,43535,33783,8721
47157.0,382055,129815,246105
47159.0,9051,7136,1802
47161.0,6296,4950,1232
47163.0,74357,55860,17272
47165.0,92630,63454,27680
47167.0,27308,20070,6837
47169.0,3998,2936,1012
47171.0,8307,6599,1615
47173.0,8123,6803,1249
47175.0,2921,2342,544
47177.0,16009,11850,3924
47179.0,60203,40444,18638
47181.0,6669,5795,820
47183.0,13735,10396,3020
47185.0,11895,9606,2143
47187.0,139016,86469,50161
47189.0,74330,50296,22254
48001.0,19227,15110,3955
48003.0,5863,4943,850
48005.0,34574,25076,9143
48007.0,12290,9239,2916
48009.0,4796,4300,446
48011.0,1112,1035,75
48013.0,18118,12039,5876
48015.0,14554,11447,2951
48017.0,1860,1434,409
48019.0,12715,10057,2505
48021.0,36665,20516,15474
48023.0,1702,1494,183
48025.0,9420,6006,3288
48027.0,127375,67893,57014
48029.0,770818,308618,448452
48031.0,7441,5443,1911
48033.0,416,397,16
48035.0,9126,7469,1561
48037.0,38261,27116,10747
48039.0,154984,90433,62228
48041.0,85061,47530,35349
48043.0,4822,2461,2258
48045.0,725,639,78
48047.0,2484,998,1470
48049.0,15969,13698,2107
48051.0,8609,6743,1788
48053.0,24717,18767,5639
48055.0,14973,8031,6672
48057.0,7856,5641,2148
48059.0,6832,6012,734
48061.0,114174,49032,64063
48063.0,5060,3626,1394
48065.0,3122,2779,297
48067.0,13927,11033,2795
48069.0,2083,1602,466
48071.0,21652,17353,3997
48073.0,19508,15101,4210
48075.0,2279,1943,310
48077.0,5744,5069,614
48079.0,1000,809,177
48081.0,1779,1586,178
48083.0,4124,3641,451
48085.0,490856,252318,230945
48087.0,1218,1048,155
48089.0,9975,7472,2420
48091.0,88892,62740,24826
48093.0,6086,5177,853
48095.0,1268,1058,197
48097.0,18996,15596,3210
48099.0,23493,15438,7565
48101.0,662,540,113
48103.0,1503,1247,241
48105.0,1574,1220,344
48107.0,1953,1396,527
48109.0,864,415,438
48111.0,1609,1389,197
48113.0,919504,307076,598576
48115.0,3789,2951,808
48123.0,8118,6567,1494
48117.0,4610,3294,1264
48119.0,2592,2162,403
48121.0,417964,222480,188695
48125.0,988,853,130
48127.0,3666,1384,2264
48129.0,1648,1438,198
48131.0,5053,2443,2575
48133.0,8293,7237,983
48135.0,44591,32697,11367
48137.0,1066,893,168
48141.0,266729,84331,178126
48139.0,85493,56717,27565
48143.0,16856,13684,2916
48145.0,6133,4177,1899
48147.0,15007,12171,2655
48149.0,12941,10171,2661
48151.0,1826,1448,352
48153.0,2039,1584,438
48155.0,551,445,99
48157.0,357514,157718,195552
48159.0,5009,4161,804
48161.0,8711,6991,1635
48163.0,5279,2823,2422
48165.0,5996,5355,576
48167.0,155060,93911,58842
48169.0,1653,1413,231
48171.0,15850,12514,3176
48173.0,653,611,39
48175.0,3995,3085,877
48177.0,7648,5627,1948
48179.0,7782,6840,829
48181.0,59474,44163,14506
48183.0,47982,32493,14796
48185.0,12414,9432,2833
48187.0,77619,47553,28805
48189.0,9586,7177,2279
48191.0,1169,995,168
48193.0,4351,3616,641
48195.0,2047,1849,166
48197.0,1580,1330,241
48199.0,27635,23858,3474
48201.0,1640818,700630,918193
48203.0,29717,21466,7908
48205.0,2078,1868,195
48207.0,2214,1840,353
48209.0,109395,47680,59524
48211.0,1720,1486,206
48213.0,36317,28911,7060
48215.0,220884,90527,128199
48217.0,14931,11926,2860
48219.0,8100,6536,1482
48221.0,32541,26496,5648
48223.0,15941,12719,3046
48225.0,9438,7060,2314
48227.0,10241,8054,2069
48229.0,1165,779,371
48231.0,38597,29163,8906
48233.0,8773,7681,965
48235.0,889,759,120
48237.0,3782,3418,331
48239.0,6353,5231,1033
48241.0,15611,12542,2954
48243.0,1305,784,501
48245.0,94759,47570,46073
48247.0,2036,833,1197
48249.0,13669,7453,6119
48251.0,72020,54628,16464
48253.0,6741,5660,999
48255.0,5252,3968,1234
48257.0,56718,37624,18405
48259.0,26452,20083,6020
48261.0,194,127,65
48263.0,462,411,47
48265.0,27745,20879,6524
48267.0,2292,1987,284
48269.0,159,151,8
48271.0,1603,1144,446
48273.0,10944,5504,5314
48275.0,1456,1180,265
48283.0,2406,1335,1052
48285.0,10197,8804,1333
48277.0,21442,16760,4458
48279.0,4410,3521,840
48281.0,10399,8086,2144
48287.0,8087,6255,1750
48289.0,8674,7523,1072
48291.0,29334,23302,5785
48293.0,9095,6789,2213
48295.0,1353,1205,131
48297.0,5054,4199,819
48299.0,12660,10079,2465
48301.0,66,60,4
48303.0,120817,78861,40017
48305.0,2293,1853,428
48313.0,5298,4169,1088
48315.0,4864,3470,1339
48317.0,2160,1857,288
48319.0,2474,1991,457
48321.0,13727,9845,3733
48323.0,15346,6881,8332
48307.0,3436,2904,490
48309.0,97872,59543,36688
48311.0,516,460,53
48325.0,22657,15642,6773
48327.0,1028,823,197
48329.0,58859,45624,12329
48331.0,10578,7984,2496
48333.0,2505,2217,271
48335.0,2579,2170,397
48337.0,9819,8615,1097
48339.0,271543,193382,74377
48341.0,5508,4359,1062
48343.0,5587,3872,1669
48345.0,652,604,46
48347.0,26785,17378,9000
48349.0,19123,13800,5101
48351.0,6094,4882,1173
48353.0,5357,4131,1162
48355.0,127322,64617,60925
48357.0,3156,2812,302
48359.0,1009,917,81
48361.0,35994,29186,6357
48363.0,12489,10179,2178
48365.0,11451,9326,2057
48367.0,76128,62045,13017
48369.0,2650,2135,488
48371.0,4668,3215,1382
48373.0,24186,18573,5387
48375.0,33337,22820,9921
48377.0,2217,721,1463
48379.0,6053,5155,842
48381.0,64674,50796,12802
48383.0,1124,942,172
48385.0,1982,1643,320
48387.0,5806,4517,1246
48389.0,3689,2254,1395
48391.0,3366,2210,1108
48393.0,550,529,17
48395.0,8099,5646,2374
48397.0,53891,36726,16412
48399.0,4409,3807,552
48401.0,21377,16534,4629
48403.0,5491,4784,669
48405.0,4002,3007,980
48407.0,12640,10161,2337
48409.0,25891,16516,8988
48411.0,2602,2308,287
48413.0,1159,940,211
48415.0,5870,4983,818
48417.0,1628,1484,130
48419.0,10087,7975,2068
48421.0,992,886,91
48423.0,100089,69080,29615
48425.0,4947,4105,768
48427.0,17525,8247,9123
48429.0,3800,3385,397
48431.0,639,584,51
48433.0,736,615,116
48435.0,1557,1222,322
48437.0,2355,1845,478
48439.0,834697,409741,411567
48441.0,55135,39547,14588
48443.0,458,334,119
48445.0,3612,2812,757
48447.0,894,806,82
48449.0,10541,7570,2856
48451.0,45210,32313,12239
48453.0,608575,161337,435860
48455.0,6938,5579,1323
48457.0,9660,8194,1403
48459.0,18892,15809,2877
48461.0,1368,1178,170
48463.0,10344,6174,4073
48465.0,15280,8284,6771
48467.0,26029,22270,3516
48469.0,34188,23358,10380
48471.0,23612,15375,7884
48473.0,22734,14260,8191
48475.0,4060,3241,764
48477.0,17427,12959,4261
48479.0,68397,25898,41820
48481.0,16761,11926,4694
48483.0,2337,2159,168
48485.0,46040,32069,13161
48487.0,4524,3524,956
48489.0,5549,2441,3108
48491.0,289555,139729,143795
48493.0,25013,18463,6350
48495.0,2126,1753,358
48497.0,32365,27032,4973
48499.0,22779,19049,3509
48501.0,2631,2174,420
48503.0,8239,7110,1034
48505.0,3874,2033,1826
48507.0,4379,1490,2864
49001.0,3100,2695,357
49003.0,27027,21548,4473
49005.0,57571,38032,16650
49007.0,9369,6693,2392
49009.0,619,496,111
49011.0,169895,104135,57411
49013.0,8524,7513,843
49015.0,4865,4207,572
49017.0,2732,2158,514
49019.0,5185,2248,2806
49021.0,24890,18989,4892
49023.0,5866,5087,645
49025.0,4180,2998,1083
49027.0,6160,5404,624
49029.0,6512,5181,1086
49031.0,871,773,86
49033.0,1363,1157,180
49035.0,541175,230174,289906
49037.0,6878,3535,3113
49039.0,12631,10459,1794
49041.0,10363,9052,1084
49043.0,26088,10252,15244
49045.0,31518,21014,8943
49047.0,15307,13261,1663
49049.0,284480,192812,76033
49051.0,17581,10795,6187
49053.0,90476,67294,20530
49055.0,1621,1229,365
49057.0,111442,65949,40695
51001.0,16962,9172,7578
51003.0,64657,20804,42466
51510.0,82508,14544,66240
51005.0,8203,5859,2243
51007.0,7893,5390,2411
51009.0,17005,11041,5672
51011.0,9268,6702,2418
51013.0,130699,22318,105344
51015.0,42278,30714,10840
51017.0,2501,1834,646
51019.0,48669,35600,12176
51021.0,3479,2903,532
51023.0,21120,15099,5700
51520.0,7806,5347,2313
51025.0,7948,3357,4552
51027.0,9953,8311,1587
51029.0,8126,4544,3471
51530.0,2776,1863,825
51031.0,29892,21245,8070
51033.0,16288,8336,7657
51035.0,15651,12659,2842
51036.0,4441,1761,2624
51037.0,6191,3815,2317
51540.0,24205,3094,20696
51550.0,127108,58180,66377
51041.0,203884,93326,106935
51043.0,9337,5192,3920
51570.0,9146,6007,2972
51580.0,2603,1580,964
51045.0,3169,2536,587
51047.0,27116,16012,10617
51049.0,5310,3019,2227
51590.0,19389,7428,11710
51051.0,7303,5748,1503
51053.0,15092,8695,6224
51595.0,2381,754,1612
51057.0,6178,3075,3038
51059.0,600823,168401,419943
51600.0,13483,4007,9174
51610.0,8819,1490,7146
51061.0,43661,25106,17565
51063.0,9408,6225,3004
51065.0,15840,8155,7414
51067.0,29702,20895,8381
51620.0,4058,1487,2525
51069.0,48703,30558,17207
51630.0,12862,4037,8517
51640.0,2638,1838,777
51071.0,9176,6876,2156
51073.0,22282,14875,6964
51075.0,16950,9966,6685
51077.0,8131,6529,1535
51079.0,11311,6866,4163
51081.0,4574,1914,2627
51083.0,18248,10418,7666
51650.0,65901,18430,46220
51085.0,70967,44318,25307
51660.0,17086,5591,11022
51087.0,183152,63440,116572
51089.0,26105,16725,9127
51091.0,1533,1092,417
51670.0,9608,4020,5430
51093.0,23456,13707,9399
51095.0,49622,23153,25553
51099.0,14224,8446,5404
51101.0,10736,7320,3260
51097.0,4115,2450,1590
51103.0,7152,3697,3368
51105.0,9946,8365,1489
51678.0,2762,906,1791
51107.0,224862,82088,138372
51109.0,21915,13294,8269
51111.0,6000,3537,2418
51680.0,36363,17097,18048
51113.0,8129,5300,2698
51683.0,16968,6256,10356
51685.0,6087,1979,3992
51690.0,6013,2165,3766
51115.0,5826,3901,1825
51117.0,16204,9266,6803
51119.0,6785,4196,2491
51121.0,45037,20629,23218
51125.0,9316,4812,4327
51127.0,14463,9631,4621
51700.0,81203,26377,53099
51710.0,89881,23443,64440
51131.0,6732,2955,3667
51133.0,7815,4485,3252
51720.0,1601,1109,464
51135.0,7078,4027,2971
51137.0,20742,12426,7995
51139.0,12514,9345,3007
51141.0,9534,7485,1954
51730.0,14118,1584,12389
51143.0,34227,23751,10115
51735.0,7857,5605,2054
51740.0,44582,12755,30948
51145.0,19730,14055,5320
51147.0,9574,4434,4973
51149.0,17432,10103,7103
51153.0,228056,81222,142863
51155.0,17376,12127,4925
51750.0,6320,2786,3358
51157.0,4978,2812,2096
51159.0,4102,2547,1513
51760.0,111159,16603,92175
51161.0,57184,34268,21801
51770.0,43323,15607,26773
51163.0,12373,8088,4086
51165.0,43811,30349,12644
51167.0,13386,10879,2373
51775.0,13051,7683,5148
51169.0,10869,9063,1692
51171.0,23684,16463,6836
51173.0,14136,10963,3008
51175.0,9786,5730,3969
51177.0,75317,39411,34307
51179.0,79625,37636,40245
51790.0,12990,5695,6981
51800.0,49642,20082,28676
51181.0,4471,2025,2397
51183.0,5088,2219,2827
51185.0,20134,16731,3205
51810.0,227561,105087,117393
51187.0,21147,14069,6603
51191.0,28685,21679,6617
51820.0,10717,5507,4961
51193.0,9933,5318,4501
51830.0,6883,1963,4790
51840.0,12106,5221,6610
51195.0,16615,13366,3110
51197.0,15072,11733,3143
51199.0,38787,20241,17683
50001.0,22022,6292,14967
50003.0,20462,7114,12705
50005.0,16169,6551,9011
50007.0,98915,21017,74961
50009.0,3288,1773,1405
50011.0,25830,11274,13611
50013.0,4851,1810,2905
50015.0,14915,4163,10240
50017.0,17122,6187,10304
50019.0,14096,6512,7147
50021.0,33970,14672,18230
50023.0,35307,8928,25191
50025.0,26035,6440,18767
50027.0,34446,9971,23376
53001.0,5862,3907,1814
53003.0,11951,7319,4250
53005.0,103033,60365,38706
53007.0,43306,22746,19349
53009.0,49264,23062,24721
53011.0,275403,126303,140324
53013.0,2495,1754,668
53015.0,60280,34424,23938
53017.0,21308,12955,7811
53019.0,4367,2771,1486
53021.0,32404,18039,13340
53023.0,1489,1069,366
53025.0,37680,24764,11819
53027.0,38441,19877,17354
53029.0,53925,22746,29213
53031.0,24792,6931,17204
53033.0,1210507,269167,907310
53035.0,158672,61563,90277
53037.0,26364,14105,11421
53039.0,13560,7237,5959
53041.0,45309,29391,14520
53043.0,7033,5150,1713
53045.0,37303,18710,17269
53047.0,21282,11840,8900
53049.0,14064,6953,6794
53051.0,8553,5728,2593
53053.0,464081,197730,249506
53055.0,13197,3057,9725
53057.0,73423,32762,38252
53059.0,7312,3885,3192
53061.0,438796,166428,256728
53063.0,295430,148576,135765
53065.0,28430,19808,7839
53067.0,168134,65277,96608
53069.0,2981,1741,1165
53071.0,31261,16400,13690
53073.0,138620,50489,83660
53075.0,21126,9067,11184
53077.0,96193,50555,43179
55001.0,11818,7362,4329
55003.0,8757,3841,4801
55005.0,25346,15803,9194
55007.0,10880,4617,6147
55009.0,144017,75871,65511
55011.0,7816,4834,2860
55013.0,10141,6462,3569
55015.0,30774,18156,12116
55017.0,35938,21317,13983
55019.0,14898,10002,4524
55021.0,33869,16927,16410
55023.0,8695,4620,3953
55025.0,344728,78794,260121
55027.0,48436,31355,16356
55029.0,20117,9752,10044
55031.0,24677,10923,13218
55033.0,23524,13173,9897
55035.0,58275,25341,31620
55037.0,2940,2133,781
55039.0,57251,35754,20588
55041.0,5053,3285,1721
55043.0,25608,14142,10998
55045.0,21406,10169,10851
55047.0,10671,7168,3344
55049.0,13992,5909,7828
55051.0,4010,2438,1533
55053.0,10184,5791,4256
55055.0,47979,27208,19904
55057.0,13709,8749,4746
55059.0,88738,44972,42193
55061.0,12095,7927,3976
55063.0,67884,28684,37846
55065.0,8555,4821,3647
55067.0,11165,7330,3704
55069.0,16497,10017,6261
55071.0,44829,27218,16818
55073.0,76751,44624,30808
55075.0,22979,15304,7366
55077.0,9065,5719,3239
55078.0,1590,278,1303
55079.0,459723,134482,317527
55081.0,22611,13775,8433
55083.0,23215,16226,6715
55085.0,24159,13671,10105
55087.0,108022,58385,47667
55089.0,61486,33912,26517
55091.0,4144,2584,1489
55093.0,23317,12815,9796
55095.0,26371,16611,9370
55097.0,40603,19299,20428
55099.0,8546,5394,3032
55101.0,106451,54479,50159
55103.0,9014,4871,3995
55105.0,85360,37138,46658
55107.0,7886,5257,2517
55111.0,36199,17493,18108
55113.0,10500,5909,4498
55115.0,22789,15173,7131
55117.0,65985,37609,27101
55109.0,56573,32199,23190
55119.0,10686,7657,2693
55121.0,15380,8833,6285
55123.0,15923,8218,7457
55125.0,15369,9261,5903
55127.0,57600,33851,22789
55129.0,10378,6334,3867
55131.0,88070,60237,26650
55133.0,267996,159649,103906
55135.0,29130,18952,9703
55137.0,13568,9016,4388
55139.0,94032,47796,44060
55141.0,41298,24308,16365
54001.0,6677,5116,1457
54003.0,51539,33279,17186
54005.0,9013,6816,2041
54007.0,5664,4120,1457
54009.0,10656,7545,2947
54011.0,37360,21721,14994
54013.0,2971,2364,568
54015.0,3365,2679,641
54017.0,3101,2619,435
54019.0,16870,11580,5063
54021.0,2662,2012,599
54023.0,5510,4871,607
54025.0,15850,10925,4655
54027.0,10086,8033,1939
54029.0,13802,9806,3790
54031.0,6333,4859,1381
54033.0,30465,20683,9215
54035.0,13509,10093,3207
54037.0,27705,15033,12127
54039.0,82250,46398,34344
54041.0,7459,5782,1538
54043.0,7831,6012,1711
54045.0,13026,10534,2333
54049.0,25799,16300,8901
54051.0,14080,10435,3455
54053.0,11206,8491,2526
54047.0,6527,5148,1333
54055.0,25135,19237,5556
54057.0,12876,10040,2660
54059.0,10026,8544,1397
54061.0,42079,20803,20282
54063.0,6490,5068,1345
54065.0,8696,6537,1998
54067.0,10633,8279,2226
54069.0,19900,12354,7223
54071.0,3659,2782,820
54073.0,3491,2742,699
54075.0,4009,2895,1047
54077.0,14573,11190,3163
54079.0,28501,20034,7878
54081.0,33114,24673,7982
54083.0,12200,8673,3362
54085.0,4283,3649,586
54087.0,5763,4213,1455
54089.0,5585,4074,1448
54091.0,7383,5477,1796
54093.0,3845,2841,938
54095.0,3923,3226,631
54097.0,10223,7771,2256
54099.0,16947,12585,4088
54101.0,3402,2759,610
54103.0,6669,4993,1539
54105.0,2653,2134,466
54107.0,38765,27202,10926
54109.0,8592,7353,1157
56001.0,18617,8579,9092
56003.0,5752,4806,788
56005.0,19566,16975,1935
56007.0,6664,5014,1427
56009.0,6970,5917,861
56011.0,4119,3651,378
56013.0,18111,12007,5519
56015.0,6241,4878,1203
56017.0,2577,1999,482
56019.0,4914,3881,897
56021.0,44982,27891,15217
56023.0,10468,8643,1509
56025.0,35202,25271,8530
56027.0,1308,1118,155
56029.0,16717,12813,3410
56031.0,4923,3898,890
56033.0,16428,11843,4043
56035.0,4970,3957,882
56037.0,16603,12229,3823
56039.0,14677,4341,9848
56041.0,9402,7496,1591
56043.0,4012,3245,651
56045.0,3542,3107,360
